
Gurobi 12.0.1 (win64) logging started Thu Dec 18 02:17:14 2025

Set parameter LogFile to value "data\dblrp\grb_log_ef_s50_ts0_f10_c10_r2.0_iss1_bt1_nsp2000_nse500_sd7.log"
Set parameter NodefileStart to value 0.5
Set parameter NodefileDir to value "node_files\s50_ts0"
Set parameter MIPGap to value 0.01
Set parameter TimeLimit to value 7200
Set parameter Threads to value 1
Gurobi Optimizer version 12.0.1 build v12.0.1rc0 (win64 - Windows 11.0 (26100.2))

CPU model: Intel(R) Core(TM) i9-14900K, instruction set [SSE2|AVX|AVX2]
Thread count: 24 physical cores, 32 logical processors, using up to 1 threads

Non-default parameters:
TimeLimit  7200
MIPGap  0.01
NodefileStart  0.5
Threads  1

Optimize a model with 37838501 rows, 12654510 columns and 106437510 nonzeros
Model fingerprint: 0x60a1ba82
Variable types: 0 continuous, 12654510 integer (12600010 binary)
Coefficient statistics:
  Matrix range     [1e+00, 7e+01]
  Objective range  [2e-01, 1e+01]
  Bounds range     [1e+00, 4e+01]
  RHS range        [1e+00, 7e+01]
Presolve removed 700000 rows and 0 columns (presolve time = 5s)...
Presolve removed 37621692 rows and 20000 columns (presolve time = 11s)...
Presolve removed 37714866 rows and 12471566 columns
Presolve time: 14.11s
Presolved: 123635 rows, 182944 columns, 900538 nonzeros
Variable types: 0 continuous, 182944 integer (154898 binary)
Found heuristic solution: objective -20.0000000
Performing another presolve...
Presolve removed 103653 rows and 61594 columns
Presolve time: 4.05s

Root simplex log...

Iteration    Objective       Primal Inf.    Dual Inf.      Time
       0    8.9512251e+03   5.647613e+04   0.000000e+00     29s
   40407    1.9042883e+02   2.526331e+03   0.000000e+00     30s
   62259    1.7495116e+02   0.000000e+00   0.000000e+00     32s

Root relaxation: objective 1.749512e+02, 62259 iterations, 2.60 seconds (4.98 work units)
Total elapsed time = 31.55s (DegenMoves)

    Nodes    |    Current Node    |     Objective Bounds      |     Work
 Expl Unexpl |  Obj  Depth IntInf | Incumbent    BestBd   Gap | It/Node Time

     0     0  174.95116    0 5844  -20.00000  174.95116   975%     -   33s
     0     0  174.74043    0 5992  -20.00000  174.74043   974%     -   34s
     0     0  174.03344    0 6401  -20.00000  174.03344   970%     -   35s
     0     0  173.77283    0 6027  -20.00000  173.77283   969%     -   35s
     0     0  173.76319    0 6056  -20.00000  173.76319   969%     -   35s
     0     0  173.76319    0 6076  -20.00000  173.76319   969%     -   35s
     0     0  173.76319    0 6072  -20.00000  173.76319   969%     -   35s
H    0     0                      22.0169466  173.76319   689%     -   36s
H    0     0                      24.1295048  173.76319   620%     -   37s
H    0     0                      39.8555888  173.76319   336%     -   37s
     0     0  173.59566    0 6421   39.85559  173.59566   336%     -   38s
     0     0  173.57456    0 6296   39.85559  173.57456   336%     -   38s
     0     0  173.57456    0 6295   39.85559  173.57456   336%     -   38s
H    0     0                      46.7497613  173.55487   271%     -   40s
H    0     0                      52.8362497  173.55487   228%     -   40s
H    0     0                      76.0166156  173.55487   128%     -   41s
H    0     0                      78.1930674  173.55487   122%     -   41s
H    0     0                      80.0309428  173.55487   117%     -   42s
H    0     0                      80.8784555  173.55487   115%     -   42s
H    0     0                      81.2308320  173.55487   114%     -   43s
H    0     0                      84.7013557  173.55487   105%     -   43s
H    0     0                      85.0408056  173.55487   104%     -   44s
H    0     0                      85.2670670  173.55487   104%     -   44s
H    0     0                      85.2838180  173.55487   104%     -   45s
H    0     0                      88.2506183  173.55487  96.7%     -   45s
     0     0  173.12869    0 6428   88.25062  173.12869  96.2%     -   46s
     0     0  173.12736    0 6404   88.25062  173.12736  96.2%     -   46s
     0     0  173.12736    0 6407   88.25062  173.12736  96.2%     -   46s
     0     0  173.01055    0 6652   88.25062  173.01055  96.0%     -   46s
     0     0  173.00818    0 6626   88.25062  173.00818  96.0%     -   47s
     0     0  173.00818    0 6625   88.25062  173.00818  96.0%     -   47s
     0     0  173.00818    0 6618   88.25062  173.00818  96.0%     -   47s
H    0     0                     105.0001279  173.00818  64.8%     -   48s
H    0     0                     106.7036351  173.00818  62.1%     -   48s
H    0     0                     107.6284940  173.00818  60.7%     -   49s
     0     0  172.65153    0 6808  107.62849  172.65153  60.4%     -   49s
     0     0  172.64872    0 6788  107.62849  172.64872  60.4%     -   49s
     0     0  172.64355    0 6804  107.62849  172.64355  60.4%     -   49s
     0     0  172.64349    0 6802  107.62849  172.64349  60.4%     -   49s
     0     0  172.64349    0 6808  107.62849  172.64349  60.4%     -   49s
     0     0  172.41218    0 6974  107.62849  172.41218  60.2%     -   50s
     0     0  172.40722    0 6931  107.62849  172.40722  60.2%     -   50s
     0     0  172.40712    0 6933  107.62849  172.40712  60.2%     -   50s
H    0     0                     108.2433182  172.40712  59.3%     -   51s
H    0     0                     109.0501679  172.40712  58.1%     -   51s
H    0     0                     109.3081708  172.40712  57.7%     -   52s
H    0     0                     109.7626441  172.40712  57.1%     -   52s
H    0     0                     111.5876348  172.40712  54.5%     -   53s
H    0     0                     112.0038318  172.40712  53.9%     -   54s
     0     0  172.39788    0 6964  112.00383  172.39788  53.9%     -   54s
     0     0  172.39749    0 6966  112.00383  172.39749  53.9%     -   54s
     0     0  172.39391    0 6972  112.00383  172.39391  53.9%     -   54s
     0     0  172.39391    0 6973  112.00383  172.39391  53.9%     -   54s
     0     0  172.36058    0 6948  112.00383  172.36058  53.9%     -   54s
     0     0  172.35728    0 6920  112.00383  172.35728  53.9%     -   54s
     0     0  172.35697    0 6934  112.00383  172.35697  53.9%     -   54s
     0     0  172.14365    0 6975  112.00383  172.14365  53.7%     -   55s
     0     0  172.14361    0 6983  112.00383  172.14361  53.7%     -   55s
     0     0  172.14361    0 6988  112.00383  172.14361  53.7%     -   55s
H    0     0                     120.7957910  172.14361  42.5%     -   56s
H    0     0                     121.1766406  172.14361  42.1%     -   57s
H    0     0                     122.9065575  172.14361  40.1%     -   57s
H    0     0                     123.3448108  172.14361  39.6%     -   58s
H    0     0                     123.5933900  172.14361  39.3%     -   58s
H    0     0                     125.2145188  172.14361  37.5%     -   59s
H    0     0                     125.3030664  172.14361  37.4%     -   59s
H    0     0                     125.5815496  172.14361  37.1%     -   60s
H    0     0                     125.7915093  172.14361  36.8%     -   60s
H    0     0                     125.8968079  172.14361  36.7%     -   61s
H    0     0                     125.8968079  172.14361  36.7%     -   61s
H    0     0                     126.3684999  172.14361  36.2%     -   62s
     0     0  172.10861    0 7104  126.36850  172.10861  36.2%     -   62s
     0     0  172.10688    0 7132  126.36850  172.10688  36.2%     -   62s
     0     0  172.10688    0 7142  126.36850  172.10688  36.2%     -   62s
     0     0  171.92843    0 7118  126.36850  171.92843  36.1%     -   63s
     0     0  171.92815    0 7095  126.36850  171.92815  36.1%     -   63s
H    0     0                     127.7512814  171.92815  34.6%     -   64s
H    0     0                     127.9376193  171.92815  34.4%     -   65s
     0     0  171.91439    0 7218  127.93762  171.91439  34.4%     -   65s
     0     0  171.91439    0 7216  127.93762  171.91439  34.4%     -   65s
     0     0  171.91377    0 7147  127.93762  171.91377  34.4%     -   65s
     0     0  171.91372    0 7174  127.93762  171.91372  34.4%     -   66s
     0     0  171.68688    0 7330  127.93762  171.68688  34.2%     -   66s
     0     0  171.68688    0 7328  127.93762  171.68688  34.2%     -   66s
     0     0  171.68688    0 7334  127.93762  171.68688  34.2%     -   66s
     0     0  171.66018    0 7512  127.93762  171.66018  34.2%     -   67s
     0     0  171.66018    0 7478  127.93762  171.66018  34.2%     -   67s
     0     0  171.64857    0 7453  127.93762  171.64857  34.2%     -   67s
     0     0  171.64843    0 7477  127.93762  171.64843  34.2%     -   67s
     0     0  171.54216    0 7509  127.93762  171.54216  34.1%     -   68s
     0     0  171.54216    0 7495  127.93762  171.54216  34.1%     -   68s
H    0     0                     128.3271138  171.54216  33.7%     -   69s
H    0     0                     129.2702996  171.54216  32.7%     -   69s
     0     0  171.51804    0 7620  129.27030  171.51804  32.7%     -   70s
     0     0  171.51608    0 7698  129.27030  171.51608  32.7%     -   70s
     0     0  171.51608    0 7695  129.27030  171.51608  32.7%     -   70s
     0     0  171.51392    0 7695  129.27030  171.51392  32.7%     -   70s
     0     0  171.51392    0 7697  129.27030  171.51392  32.7%     -   70s
     0     0  171.46328    0 7658  129.27030  171.46328  32.6%     -   70s
     0     0  171.46328    0 7660  129.27030  171.46328  32.6%     -   70s
H    0     0                     130.1263620  171.46328  31.8%     -   72s
H    0     0                     130.9976133  171.46328  30.9%     -   73s
H    0     0                     143.5235099  171.46328  19.5%     -   75s
H    0     0                     147.5646509  171.46328  16.2%     -   75s
H    0     0                     147.8799091  171.46328  15.9%     -   76s
H    0     0                     148.6686198  171.46328  15.3%     -   77s
     0     0  171.37808    0 7703  148.66862  171.37808  15.3%     -   77s
     0     0  171.36649    0 7799  148.66862  171.36649  15.3%     -   77s
     0     0  171.36492    0 7866  148.66862  171.36492  15.3%     -   77s
     0     0  171.36327    0 7877  148.66862  171.36327  15.3%     -   77s
     0     0  171.36327    0 7873  148.66862  171.36327  15.3%     -   78s
     0     0  171.24997    0 7937  148.66862  171.24997  15.2%     -   78s
     0     0  171.24997    0 7927  148.66862  171.24997  15.2%     -   78s
H    0     0                     150.5772355  171.24997  13.7%     -   79s
H    0     0                     151.2343131  171.24997  13.2%     -   80s
H    0     0                     151.4442727  171.24997  13.1%     -   80s
H    0     0                     151.7595310  171.24997  12.8%     -   81s
     0     0  171.23676    0 7931  151.75953  171.23676  12.8%     -   81s
     0     0  171.23466    0 7980  151.75953  171.23466  12.8%     -   81s
     0     0  171.23435    0 8010  151.75953  171.23435  12.8%     -   81s
     0     0  171.16050    0 8104  151.75953  171.16050  12.8%     -   82s
     0     0  171.16050    0 8105  151.75953  171.16050  12.8%     -   82s
     0     0  171.14930    0 8228  151.75953  171.14930  12.8%     -   82s
     0     0  171.14773    0 8291  151.75953  171.14773  12.8%     -   82s
     0     0  171.14759    0 8282  151.75953  171.14759  12.8%     -   82s
     0     0  171.06831    0 8242  151.75953  171.06831  12.7%     -   83s
     0     0  171.06831    0 8244  151.75953  171.06831  12.7%     -   83s
H    0     0                     151.8003715  171.06831  12.7%     -   84s
H    0     0                     151.9694907  171.06831  12.6%     -   85s
     0     0  171.05632    0 8354  151.96949  171.05632  12.6%     -   85s
     0     0  171.05461    0 8387  151.96949  171.05461  12.6%     -   85s
     0     0  171.05155    0 8464  151.96949  171.05155  12.6%     -   85s
     0     0  171.05061    0 8522  151.96949  171.05061  12.6%     -   85s
     0     0  170.98218    0 8495  151.96949  170.98218  12.5%     -   86s
     0     0  170.98215    0 8492  151.96949  170.98215  12.5%     -   86s
     0     0  170.95695    0 8624  151.96949  170.95695  12.5%     -   86s
     0     0  170.95494    0 8642  151.96949  170.95494  12.5%     -   86s
     0     0  170.95481    0 8661  151.96949  170.95481  12.5%     -   87s
     0     0  170.87213    0 8695  151.96949  170.87213  12.4%     -   87s
     0     0  170.87213    0 8673  151.96949  170.87213  12.4%     -   87s
H    0     0                     152.3218671  170.87213  12.2%     -   88s
     0     0  170.85907    0 8782  152.32187  170.85907  12.2%     -   88s
     0     0  170.85907    0 8791  152.32187  170.85907  12.2%     -   88s
     0     0  170.85561    0 8895  152.32187  170.85561  12.2%     -   88s
     0     0  170.85392    0 8907  152.32187  170.85392  12.2%     -   89s
     0     0  170.85378    0 8903  152.32187  170.85378  12.2%     -   89s
     0     0  170.82955    0 8840  152.32187  170.82955  12.2%     -   89s
     0     0  170.78370    0 8759  152.32187  170.78370  12.1%     -   90s
     0     0  170.77813    0 8934  152.32187  170.77813  12.1%     -   90s
     0     0  170.77732    0 9012  152.32187  170.77732  12.1%     -   90s
     0     0  170.75142    0 8878  152.32187  170.75142  12.1%     -   90s
H    0     0                     152.9141777  170.75142  11.7%     -   91s
     0     0  170.70984    0 9024  152.91418  170.70984  11.6%     -   92s
     0     0  170.70984    0 9025  152.91418  170.70984  11.6%     -   92s
     0     0  170.70495    0 9044  152.91418  170.70495  11.6%     -   92s
     0     0  170.70450    0 9104  152.91418  170.70450  11.6%     -   92s
     0     0  170.70450    0 9104  152.91418  170.70450  11.6%     -   92s
     0     0  170.69180    0 9100  152.91418  170.69180  11.6%     -   93s
     0     0  170.69180    0 9089  152.91418  170.69180  11.6%     -   93s
     0     0  170.66397    0 9077  152.91418  170.66397  11.6%     -   93s
     0     0  170.65559    0 9126  152.91418  170.65559  11.6%     -   93s
     0     0  170.65508    0 9188  152.91418  170.65508  11.6%     -   93s
     0     0  170.61988    0 9160  152.91418  170.61988  11.6%     -   94s
H    0     0                     153.0401796  170.61988  11.5%     -   95s
H    0     0                     153.2665541  170.61988  11.3%     -   95s
     0     0  170.61547    0 9279  153.26655  170.61547  11.3%     -   95s
     0     0  170.61532    0 9277  153.26655  170.61532  11.3%     -   96s
     0     0  170.58579    0 9247  153.26655  170.58579  11.3%     -   96s
     0     0  170.58118    0 9291  153.26655  170.58118  11.3%     -   96s
     0     0  170.58066    0 9333  153.26655  170.58066  11.3%     -   97s
     0     0  170.56212    0 9308  153.26655  170.56212  11.3%     -   97s
H    0     0                     153.4745622  170.56212  11.1%     -   98s
     0     0  170.55850    0 9408  153.47456  170.55850  11.1%     -   98s
     0     0  170.55850    0 9408  153.47456  170.55850  11.1%     -   98s
     0     0  170.55754    0 9441  153.47456  170.55754  11.1%     -   98s
     0     0  170.54536    0 9395  153.47456  170.54536  11.1%     -   99s
     0     0  170.54397    0 9472  153.47456  170.54397  11.1%     -   99s
     0     0  170.52472    0 9522  153.47456  170.52472  11.1%     -  100s
     0     0  170.51880    0 9611  153.47456  170.51880  11.1%     -  100s
     0     0  170.51798    0 9707  153.47456  170.51798  11.1%     -  101s
     0     0  170.50233    0 9610  153.47456  170.50233  11.1%     -  101s
     0     0  170.50189    0 9701  153.47456  170.50189  11.1%     -  101s
     0     0  170.48791    0 9673  153.47456  170.48791  11.1%     -  102s
     0     0  170.48791    0 9114  153.47456  170.48791  11.1%     -  103s
H    0     0                     153.6845219  170.48791  10.9%     -  107s
H    0     0                     154.0653715  170.48791  10.7%     -  109s
     0     2  170.48774    0 9114  154.06537  170.48774  10.7%     -  110s
     4     2  164.31060    2 2995  154.06537  164.31060  6.65% 13010  115s
H  115   111                     156.9752607  164.31060  4.67%   502  119s
H  115   111                     157.1852204  164.31060  4.53%   502  120s
   304   302  162.93697  256 2518  157.18522  164.31060  4.53%   220  125s
H  352   348                     157.6940235  164.31060  4.20%   193  126s
   489   487  162.46174  418 2556  157.69402  164.31060  4.20%   152  130s
H  625   621                     158.7642946  164.31060  3.49%   126  133s
   696   694  162.01278  598 2181  158.76429  164.31060  3.49%   117  135s
H  926   922                     159.2006288  164.31060  3.21%  92.7  140s
  1164  1162  161.38222 1039 1776  159.20063  164.31060  3.21%  79.7  145s
  1420  1418  161.09033 1289 1550  159.20063  164.31060  3.21%  68.2  150s
  1674  1672  160.03193 1515 1556  159.20063  164.31060  3.21%  59.9  155s
H 1926  1914                     159.3430456  164.31060  3.12%  53.3  160s
  1981  1952  160.57707 1196 7318  159.34305  164.25954  3.09%  52.1  185s
  1984  1954  161.38768 1026 5256  159.34305  164.25954  3.09%  52.1  190s
  1994  1961  159.57523 1672 7988  159.34305  164.25954  3.09%  51.8  195s
  2004  1967  161.85571  723 8287  159.34305  164.25954  3.09%  51.5  200s
H 2005  1869                     159.3430458  164.25954  3.09%  51.5  203s
  2007  1872  164.25954   16 4967  159.34305  164.25954  3.09%   127  205s
  2080  1917  162.82348   52 2688  159.34305  164.13314  3.01%   142  210s
  2252  2031  162.26045  138 2277  159.34305  164.13314  3.01%   139  215s
  2473  2176  162.43172  249 1953  159.34305  164.13314  3.01%   134  220s
  2638  2286  161.20417  331 1534  159.34305  164.13314  3.01%   131  225s
  2735  2351  161.92929  380 1459  159.34305  164.13314  3.01%   129  230s
  2820  2405  160.44323  422 1372  159.34305  164.13314  3.01%   127  235s
  3005  2526  161.01624  515 1256  159.34305  164.13314  3.01%   123  240s
  3213  2648  160.80712  619 1040  159.34305  164.13314  3.01%   119  245s
  3451  2763  160.41437  738  902  159.34305  164.13314  3.01%   114  250s
  3671  2856  160.18396  848  669  159.34305  164.13314  3.01%   109  255s
  3853  2939  161.44780   38 2687  159.34305  164.13314  3.01%   106  260s
  4030  3057  162.07560  127 2262  159.34305  164.13314  3.01%   106  265s
  4218  3178  161.58220  221 2188  159.34305  164.13314  3.01%   104  270s
  4458  3336  161.14798  341 1907  159.34305  164.13314  3.01%   102  275s
H 4588  3326                     159.3430461  164.13314  3.01%   100  279s
  4624  3330  160.80683  424 1785  159.34305  164.13314  3.01%   100  280s
  4883  3435  160.01318  553 1603  159.34305  164.13314  3.01%  97.1  285s
  5085  3511  160.08015  654 1513  159.34305  164.13314  3.01%  94.9  290s
  5153  3531     cutoff  688       159.34305  164.13314  3.01%  94.5  295s
  5394  3614  159.98385  809 1273  159.34305  164.13314  3.01%  94.1  300s
  5590  3669  159.49285  907 1045  159.34305  164.13314  3.01%  92.4  305s
  5734  3751  162.67392   92 2660  159.34305  164.08389  2.98%  93.5  310s
  5907  3866  162.22870  178 2167  159.34305  164.08389  2.98%  93.3  315s
  6080  3980  161.98105  265 1917  159.34305  164.08389  2.98%  92.3  320s
  6347  4157  160.11503  398 1781  159.34305  164.08389  2.98%  90.2  325s
  6583  4309  160.76924  516 1567  159.34305  164.08389  2.98%  89.5  330s
  6769  4427  159.69286  609 1385  159.34305  164.08389  2.98%  88.6  335s
  6955  4515  160.36033  707 1111  159.34305  164.08389  2.98%  87.5  340s
  7246  4621  159.90436  853  983  159.34305  164.08389  2.98%  85.4  345s
  7493  4675  163.68635   25 3122  159.34305  164.06046  2.96%  84.8  350s
  7532  4714  162.94951   44 2656  159.34305  164.06046  2.96%  85.0  355s
  7702  4884  162.19665  129 2170  159.34305  164.06046  2.96%  85.9  360s
  7866  5048  161.87372  211 1851  159.34305  164.06046  2.96%  86.0  365s
  8006  5187  161.75092  281 1871  159.34305  164.06046  2.96%  85.2  370s
  8172  5339  159.89116  364 1477  159.34305  164.06046  2.96%  84.9  375s
  8408  5498  159.53857  482 1239  159.34305  164.06046  2.96%  83.8  380s
  8576  5635  160.18858  567 1232  159.34305  164.06046  2.96%  83.3  385s
  8763  5754  159.78939  660  988  159.34305  164.06046  2.96%  82.7  390s
  8942  5852  162.79526   52 2676  159.34305  164.05669  2.96%  82.8  395s
  9118  6026  161.92649  140 2249  159.34305  164.05669  2.96%  83.2  400s
  9344  6252  161.61770  253 1799  159.34305  164.05669  2.96%  83.3  405s
  9591  6487  161.17760  377 1644  159.34305  164.05669  2.96%  82.9  410s
  9807  6661  160.64836  485 1639  159.34305  164.05669  2.96%  82.4  415s
 10049  6864  160.37849  606 1223  159.34305  164.05669  2.96%  81.7  420s
 10202  6989  159.90295  682  996  159.34305  164.05669  2.96%  81.4  477s
 10339  7065  163.30789   26 3134  159.34305  164.05669  2.96%  81.3  480s
 10511  7235  161.86739  112 2567  159.34305  164.05669  2.96%  81.7  485s
 10709  7433  160.90456  211 2048  159.34305  164.05669  2.96%  81.9  490s
 10929  7651  160.61987  321 1761  159.34305  164.05669  2.96%  81.7  495s
 11202  7843  159.84554  458 1616  159.34305  164.05669  2.96%  81.0  500s
 11351  7960  162.40571   76 2397  159.34305  164.04620  2.95%  82.2  505s
 11506  8113  161.68309  154 2018  159.34305  164.04620  2.95%  82.2  510s
 11703  8310  160.99617  252 1689  159.34305  164.04620  2.95%  81.9  515s
 11942  8497  160.23077  372 1448  159.34305  164.04620  2.95%  81.6  520s
 12197  8635  159.57571  499 1060  159.34305  164.04620  2.95%  80.9  525s
 12356  8745  162.14258   77 2414  159.34305  164.04616  2.95%  81.3  530s
 12596  8985  160.92452  197 2030  159.34305  164.04616  2.95%  81.1  535s
 12808  9194  160.78531  303 1853  159.34305  164.04616  2.95%  80.8  540s
 13062  9352     cutoff  430       159.34305  164.04616  2.95%  80.4  545s
 13254  9488  162.56605   81 2552  159.34305  164.02622  2.94%  80.4  550s
 13400  9634  161.60681  151 2026  159.34305  164.02622  2.94%  80.2  555s
 13642  9876  161.15698  299 1792  159.34305  164.02622  2.94%  79.4  560s
 13888 10119  160.38891  462 1572  159.34305  164.02622  2.94%  78.5  565s
 14202 10431  159.94697  711 1399  159.34305  164.02622  2.94%  77.1  570s
 14407 10578  163.14467   25 2763  159.34305  164.02622  2.94%  76.9  575s
 14631 10802  161.63134  149 2017  159.34305  164.02622  2.94%  76.8  580s
 14890 11061  160.78769  297 1820  159.34305  164.02622  2.94%  76.4  585s
 15159 11330  160.09989  441 1491  159.34305  164.02622  2.94%  75.6  590s
 15303 11470  159.87355  563 1320  159.34305  164.02622  2.94%  75.1  596s
 15517 11648  162.65390   46 2613  159.34305  164.01272  2.93%  74.8  600s
 15711 11842  161.50267  153 2139  159.34305  164.01272  2.93%  74.8  605s
 15973 12098  160.69084  285 1770  159.34305  164.01272  2.93%  74.3  610s
 16235 12357  160.05570  452 1527  159.34305  164.01272  2.93%  73.5  615s
 16449 12518  163.20429   36 2772  159.34305  164.01272  2.93%  73.4  620s
 16630 12699  161.68768  145 2078  159.34305  164.01272  2.93%  73.2  625s
 16881 12950  161.14967  279 1990  159.34305  164.01272  2.93%  72.7  630s
 17027 13096  160.69334  350 1790  159.34305  164.01272  2.93%  72.5  635s
 17308 13377  160.24159  567 1434  159.34305  164.01272  2.93%  71.7  640s
 17565 13632  159.77632  757 1306  159.34305  164.01272  2.93%  70.9  645s
 17848 13911     cutoff 1003       159.34305  164.01272  2.93%  69.9  650s
 18094 14121  159.46368 1193  801  159.34305  164.01272  2.93%  69.2  655s
 18312 14303  161.89112  138 2185  159.34305  164.01078  2.93%  69.5  660s
 18514 14505  161.05136  248 1848  159.34305  164.01078  2.93%  69.3  665s
 18791 14780  160.33428  380 1688  159.34305  164.01078  2.93%  68.8  670s
 19068 15042  159.82872  537 1364  159.34305  164.01078  2.93%  68.0  675s
 19343 15291  159.59600  766 1107  159.34305  164.01078  2.93%  67.2  680s
 19600 15529  162.15823   69 2618  159.34305  164.00730  2.93%  66.9  685s
 19849 15778  160.90011  191 2166  159.34305  164.00730  2.93%  67.0  690s
 20103 16018  159.89497  328 1588  159.34305  164.00730  2.93%  66.7  695s
 20337 16212  162.33759   92 2396  159.34305  164.00730  2.93%  66.7  700s
 20404 16279  161.84338  126 2346  159.34305  164.00730  2.93%  66.6  705s
 20598 16473  160.86224  234 1974  159.34305  164.00730  2.93%  66.6  710s
H20652 16525                     159.3430468  164.00730  2.93%  66.6  711s
 20680 16555  160.52819  262 1874  159.34305  164.00730  2.93%  66.6  715s
 20898 16755  159.85139  382 1676  159.34305  164.00730  2.93%  66.4  720s
 21140 16982  159.55839  565 1375  159.34305  164.00730  2.93%  65.8  725s
 21438 17280  159.53013  843 1110  159.34305  164.00730  2.93%  65.0  730s
Created node file directory 'node_files\s50_ts0/grbnodes0'
 21652 17471  162.82975   54 2717  159.34305  163.99718  2.92%  64.8  735s
 21847 17666  161.58546  139 2422  159.34305  163.99718  2.92%  64.8  740s
 22104 17919  160.64744  292 1804  159.34305  163.99718  2.92%  64.5  745s
 22284 18097  160.33979  383 1765  159.34305  163.99718  2.92%  64.4  750s
 22498 18298  159.79806  505 1537  159.34305  163.99718  2.92%  64.1  755s
 22693 18443  162.23868   32 2772  159.34305  163.99508  2.92%  64.0  760s
 22915 18657  159.92603  210 1718  159.34305  163.99508  2.92%  64.1  765s
 23110 18832  162.45786   79 2397  159.34305  163.99037  2.92%  64.4  770s
 23280 18998  160.95654  164 2083  159.34305  163.99037  2.92%  64.6  775s
 23448 19160  159.68028  248 1769  159.34305  163.99037  2.92%  64.7  780s
 23598 19310  160.32179  323 1783  159.34305  163.99037  2.92%  64.5  785s
 23793 19439  159.81684  423 1447  159.34305  163.99037  2.92%  64.4  790s
 23983 19583  161.82788   67 2319  159.34305  163.97464  2.91%  64.5  795s
 24247 19839  159.80223  331 1719  159.34305  163.97464  2.91%  64.0  800s
 24477 20041  162.44696   28 2720  159.34305  163.94473  2.89%  63.8  805s
 24635 20188  162.05107  104 2359  159.34305  163.94473  2.89%  64.1  810s
 24820 20373  160.87303  192 2134  159.34305  163.94473  2.89%  64.1  815s
 25052 20605  160.24314  326 2072  159.34305  163.94473  2.89%  63.9  820s
 25279 20791  159.68764  443 1704  159.34305  163.94473  2.89%  63.7  825s
 25463 20966  159.54499  579 1509  159.34305  163.94473  2.89%  63.4  830s
 25532 21015  163.13849   35 2877  159.34305  163.93427  2.88%  63.5  835s
 25717 21169  161.21561  108 2277  159.34305  163.92958  2.88%  63.6  840s
 25922 21363  162.77312   43 2685  159.34305  163.92825  2.88%  63.5  845s
 26092 21512  159.94082   38 2445  159.34305  163.92376  2.87%  63.8  850s
 26217 21594  163.04494   30 2656  159.34305  163.91658  2.87%  64.5  855s
 26383 21723  160.52491   98 1970  159.34305  163.91613  2.87%  64.8  860s
 26530 21856  161.07524  121 1956  159.34305  163.89655  2.86%  64.9  865s
 26725 22008  162.98647   32 2690  159.34305  163.89642  2.86%  64.9  870s
 26894 22161  160.87457   92 2262  159.34305  163.89049  2.85%  65.2  875s
 27134 22390  159.61345  331 1453  159.34305  163.89049  2.85%  64.8  880s
 27301 22535  161.56674   96 2423  159.34305  163.87606  2.84%  64.9  885s
 27479 22713  160.70969  188 2078  159.34305  163.87606  2.84%  64.9  890s
 27686 22920  159.88326  294 1823  159.34305  163.87606  2.84%  64.9  895s
 27929 23114  160.91227  152 1675  159.34305  163.86899  2.84%  64.8  900s
 28199 23376  159.48675  422 1474  159.34305  163.86899  2.84%  64.3  905s
 28381 23533  160.72579  134 2148  159.34305  163.82343  2.81%  64.6  910s
 28564 23708     cutoff  312       159.34305  163.82343  2.81%  64.3  915s
 28729 23857  161.25866   78 2576  159.34305  163.81671  2.81%  65.0  920s
 28911 24039  160.68648  169 2100  159.34305  163.81671  2.81%  65.1  925s
 29060 24180  160.20582  244 1965  159.34305  163.81671  2.81%  65.0  930s
 29261 24359  159.63315  344 1777  159.34305  163.81671  2.81%  65.0  935s
 29415 24451  159.55840   67 2328  159.34305  163.81421  2.81%  65.3  940s
 29607 24632  159.69563  224 1804  159.34305  163.81042  2.80%  65.4  945s
 29786 24776  159.58497   75 2241  159.34305  163.78197  2.79%  65.7  950s
 29933 24896  162.28004   77 2433  159.34305  163.76055  2.77%  66.2  955s
 30078 25041  161.07032  140 1991  159.34305  163.76055  2.77%  66.2  960s
 30283 25246  160.27381  247 1659  159.34305  163.76055  2.77%  66.0  965s
 30511 25451  159.72047  378 1493  159.34305  163.76055  2.77%  65.7  970s
 30606 25534  159.54778  439 1389  159.34305  163.76055  2.77%  65.6  975s
 30768 25657  161.28903  117 2189  159.34305  163.75772  2.77%  65.9  980s
 30931 25794  159.59780   89 2282  159.34305  163.74945  2.77%  66.1  985s
 31115 25964  159.49784  214 1589  159.34305  163.73307  2.76%  66.1  990s
 31275 26070  162.27035   71 2391  159.34305  163.70068  2.73%  66.4  995s
 31538 26323  163.05409   50 2656  159.34305  163.69892  2.73%  66.2 1000s
 31648 26415  161.13145   42 2499  159.34305  163.69892  2.73%  66.4 1005s
 31777 26514  159.57583  102 2046  159.34305  163.69643  2.73%  66.6 1010s
 32001 26724  160.41389  263 1633  159.34305  163.69643  2.73%  66.6 1015s
 32266 26988  159.65324  528 1374  159.34305  163.69643  2.73%  66.1 1020s
 32473 27192  159.52164  735 1197  159.34305  163.69643  2.73%  65.8 1025s
 32696 27415  159.52164  958 1084  159.34305  163.69643  2.73%  65.4 1030s
 32941 27658  159.52164 1202  808  159.34305  163.69643  2.73%  64.9 1035s
 33073 27788  159.45480 1334  643  159.34305  163.69643  2.73%  64.7 1040s
 33271 27968  161.26234  142 2135  159.34305  163.68672  2.73%  64.8 1045s
 33479 28176  160.41880  228 1631  159.34305  163.68672  2.73%  64.7 1050s
 33718 28388  159.52334  371 1382  159.34305  163.68672  2.73%  64.6 1055s
 33874 28499  162.44134   83 2329  159.34305  163.67777  2.72%  64.9 1060s
 34069 28694  161.27035  181 1943  159.34305  163.67777  2.72%  65.1 1065s
 34250 28871  160.49925  271 1499  159.34305  163.67777  2.72%  65.2 1070s
 34440 29051  159.76435  366 1141  159.34305  163.67777  2.72%  65.2 1075s
 34613 29191  160.54691  183 1626  159.34305  163.67696  2.72%  65.2 1080s
 34878 29455  159.88501  448 1486  159.34305  163.67696  2.72%  64.8 1085s
 35098 29661  159.71584  658 1150  159.34305  163.67696  2.72%  64.5 1090s
 35378 29939  159.69546  937 1125  159.34305  163.67696  2.72%  64.0 1095s
 35636 30197  159.68357 1195 1022  159.34305  163.67696  2.72%  63.6 1100s
 35708 30269  159.60859 1267  883  159.34305  163.67696  2.72%  63.4 1105s
 35953 30504 infeasible 1505       159.34305  163.67696  2.72%  63.1 1110s
 36119 30646  161.28760  113 2020  159.34305  163.66455  2.71%  63.3 1115s
 36339 30848  162.81159   49 2464  159.34305  163.66224  2.71%  63.2 1120s
 36515 31013  160.91798  127 2168  159.34305  163.66027  2.71%  63.3 1125s
 36673 31158  162.41988   57 2401  159.34305  163.65437  2.71%  63.4 1130s
 36896 31365  160.47220  203 1560  159.34305  163.64765  2.70%  63.5 1135s
 37057 31491  159.78869   75 2124  159.34305  163.64118  2.70%  63.6 1140s
 37242 31652  161.18196  122 2391  159.34305  163.64118  2.70%  63.8 1145s
 37453 31861  160.08712  232 1841  159.34305  163.64118  2.70%  63.8 1150s
 37636 32016  162.32548   39 2679  159.34305  163.63821  2.70%  63.8 1155s
 37843 32209  160.29059  139 2118  159.34305  163.63402  2.69%  63.8 1160s
 38011 32335  161.02943   76 2520  159.34305  163.62281  2.69%  64.1 1165s
 38218 32527  160.20888  200 1622  159.34305  163.59345  2.67%  64.1 1170s
 38414 32707  159.96422  227 1749  159.34305  163.59245  2.67%  64.2 1175s
 38598 32859  162.29481   44 2507  159.34305  163.58315  2.66%  64.3 1180s
 38801 33050  160.78927   85 2101  159.34305  163.58315  2.66%  64.3 1185s
 38945 33179  161.94203  114 2270  159.34305  163.58315  2.66%  64.6 1190s
 39140 33370  160.99421  212 1920  159.34305  163.58315  2.66%  64.8 1195s
 39360 33576  160.28066  322 1531  159.34305  163.58315  2.66%  64.8 1200s
 39584 33752  159.77017  438 1402  159.34305  163.58315  2.66%  64.8 1205s
 39787 33869  162.45968   96 2321  159.34305  163.58315  2.66%  64.8 1210s
 39972 34054  161.22162  178 2056  159.34305  163.58315  2.66%  64.8 1215s
 40183 34263  160.29159  271 1667  159.34305  163.58315  2.66%  64.7 1220s
 40389 34453  159.92116  415 1612  159.34305  163.58315  2.66%  64.5 1225s
 40658 34722  159.76243  645 1229  159.34305  163.58315  2.66%  64.2 1230s
 40808 34860  159.53229  776 1203  159.34305  163.58315  2.66%  64.0 1236s
 40980 35028  159.51465  926 1076  159.34305  163.58315  2.66%  63.8 1240s
 41250 35268  161.53538   80 2284  159.34305  163.58315  2.66%  63.7 1245s
 41402 35381  161.07732  110 2101  159.34305  163.58315  2.66%  63.9 1250s
 41522 35484     cutoff  152       159.34305  163.58315  2.66%  64.0 1255s
 41710 35649  159.95231  220 1778  159.34305  163.58201  2.66%  64.0 1260s
 41903 35824  159.60413  118 1913  159.34305  163.57483  2.66%  64.0 1265s
 42085 35970  159.54604  159 1961  159.34305  163.57483  2.66%  64.1 1270s
 42245 36101  161.54430  138 2191  159.34305  163.56311  2.65%  64.3 1275s
 42453 36304  159.51288  346 1395  159.34305  163.56311  2.65%  64.1 1280s
 42637 36464  162.43317   68 2301  159.34305  163.55971  2.65%  64.3 1285s
 42813 36640  161.03872  168 1941  159.34305  163.55971  2.65%  64.3 1290s
 43038 36865  160.12315  285 1563  159.34305  163.55971  2.65%  64.2 1295s
 43245 37004  160.95732  101 2044  159.34305  163.55422  2.64%  64.2 1300s
 43445 37188  160.50065  212 1791  159.34305  163.55422  2.64%  64.2 1305s
 43714 37450  159.52954  481 1480  159.34305  163.55422  2.64%  63.9 1310s
 43901 37595  162.54805   57 2464  159.34305  163.54807  2.64%  64.1 1315s
 44158 37842  162.79158   54 2679  159.34305  163.53700  2.63%  64.0 1320s
 44322 37980  162.01888   93 2308  159.34305  163.53600  2.63%  64.1 1325s
 44524 38170  161.25996   84 2276  159.34305  163.52194  2.62%  64.2 1330s
 44707 38349  161.12715  176 2205  159.34305  163.52194  2.62%  64.3 1335s
 44887 38519  160.04365  266 1642  159.34305  163.52194  2.62%  64.3 1340s
 45103 38698 infeasible  374       159.34305  163.52194  2.62%  64.2 1345s
 45322 38808  159.50546  491 1025  159.34305  163.52194  2.62%  64.1 1350s
 45575 38911  162.07158   87 2308  159.34305  163.52194  2.62%  64.1 1355s
 45789 39110  161.99782   93 2275  159.34305  163.52147  2.62%  64.1 1360s
 45909 39208  159.53923  103 2098  159.34305  163.52147  2.62%  64.2 1367s
 45952 39241  162.51053   76 2437  159.34305  163.51615  2.62%  64.4 1370s
 46135 39424  161.52227  144 2119  159.34305  163.51615  2.62%  64.3 1375s
 46360 39649  160.62615  219 1684  159.34305  163.51615  2.62%  64.3 1380s
 46622 39896  160.11189  367 1363  159.34305  163.51615  2.62%  64.2 1385s
 46891 40151  159.75836  573 1037  159.34305  163.51615  2.62%  63.9 1390s
 47182 40442  159.73336  840  855  159.34305  163.51615  2.62%  63.6 1395s
 47460 40716  159.70911 1093  683  159.34305  163.51615  2.62%  63.2 1400s
 47743 40987  159.61209 1342  482  159.34305  163.51615  2.62%  62.9 1405s
 48003 41206  160.63062  155 1867  159.34305  163.50718  2.61%  62.8 1410s
 48216 41395  159.55956  136 2060  159.34305  163.50718  2.61%  62.8 1415s
 48430 41593  159.64535  272 1717  159.34305  163.50237  2.61%  62.8 1420s
 48558 41696  160.48690   86 2397  159.34305  163.49628  2.61%  63.0 1425s
 48721 41799  159.84274   60 2386  159.34305  163.49099  2.60%  63.2 1430s
 48917 41973  159.83265  233 1748  159.34305  163.49099  2.60%  63.2 1435s
 49084 42100  162.07168  100 2172  159.34305  163.48848  2.60%  63.4 1440s
 49253 42243  162.55806   35 2624  159.34305  163.48713  2.60%  63.4 1445s
 49440 42404  162.73519   51 2611  159.34305  163.48180  2.60%  63.5 1450s
 49646 42610  161.26677  169 2187  159.34305  163.48180  2.60%  63.5 1455s
 49848 42809  160.15486  282 1612  159.34305  163.48180  2.60%  63.4 1460s
 50099 42995  159.76050  433 1532  159.34305  163.48180  2.60%  63.3 1465s
 50268 43124  161.90258   52 2387  159.34305  163.46983  2.59%  63.5 1470s
 50459 43280  162.52218   52 2627  159.34305  163.44561  2.57%  63.6 1475s
 50642 43449  161.94299  123 2217  159.34305  163.44558  2.57%  63.7 1480s
 50853 43654  160.60872  229 1747  159.34305  163.44558  2.57%  63.8 1485s
 51010 43803  159.81334  307 1628  159.34305  163.44558  2.57%  63.8 1492s
 51094 43873  159.65616  349 1370  159.34305  163.44558  2.57%  63.8 1495s
 51293 43991  162.53836   81 2491  159.34305  163.44547  2.57%  63.9 1500s
 51479 44165  161.28720   91 2298  159.34305  163.44547  2.57%  64.0 1505s
 51675 44306  160.60744  180 2073  159.34305  163.44144  2.57%  64.1 1510s
 51867 44455  159.53773  105 1926  159.34305  163.44144  2.57%  64.2 1515s
 52090 44662  159.94132  267 1487  159.34305  163.43715  2.57%  64.2 1520s
 52236 44780  161.90990   80 2346  159.34305  163.41561  2.56%  64.3 1525s
 52425 44969  160.51217  204 1785  159.34305  163.41561  2.56%  64.2 1530s
 52600 45121  162.19756  101 2187  159.34305  163.41561  2.56%  64.2 1535s
 52819 45310  162.79046   81 2504  159.34305  163.40794  2.55%  64.3 1540s
 53035 45526  159.62288  297 1277  159.34305  163.40794  2.55%  64.1 1545s
 53061 45531  162.83375   82 2480  159.34305  163.40712  2.55%  64.3 1553s
 53073 45543  162.11010   94 2312  159.34305  163.40712  2.55%  64.2 1555s
 53197 45647  159.59452   70 2253  159.34305  163.40712  2.55%  64.3 1560s
 53288 45717  162.45400   90 2433  159.34305  163.40612  2.55%  64.6 1565s
 53479 45894  162.09057  107 2106  159.34305  163.40057  2.55%  64.6 1570s
 53637 46014  160.23284   90 2288  159.34305  163.39037  2.54%  64.8 1575s
 53813 46180  161.55810  165 2173  159.34305  163.38146  2.53%  64.9 1580s
 54012 46377  160.61312  260 1650  159.34305  163.38146  2.53%  64.9 1585s
 54238 46582  160.02848  396 1299  159.34305  163.38146  2.53%  64.8 1590s
 54508 46847  159.69892  592 1141  159.34305  163.38146  2.53%  64.5 1595s
 54767 47099  159.67989  832  859  159.34305  163.38146  2.53%  64.3 1600s
 54891 47194  162.85582   86 2473  159.34305  163.38146  2.53%  64.3 1605s
 55121 47398  159.80587  239 1742  159.34305  163.37674  2.53%  64.2 1610s
 55299 47536  162.13177   34 2660  159.34305  163.37347  2.53%  64.4 1615s
 55528 47753  162.37292   37 2495  159.34305  163.37331  2.53%  64.4 1620s
 55692 47887  159.36616   41 2469  159.34305  163.37331  2.53%  64.4 1625s
 55827 47999  162.42862   34 2535  159.34305  163.36500  2.52%  64.5 1630s
 56019 48165  161.25616   97 2225  159.34305  163.35360  2.52%  64.6 1635s
 56111 48241  162.56070   29 2792  159.34305  163.35360  2.52%  64.6 1641s
 56266 48394  159.61671  184 2034  159.34305  163.35360  2.52%  64.6 1645s
 56418 48506  161.39481   94 2394  159.34305  163.35339  2.52%  64.7 1650s
 56608 48694  160.01871  197 1967  159.34305  163.35339  2.52%  64.6 1655s
 56756 48818  162.62685   29 2724  159.34305  163.35153  2.52%  64.7 1660s
 56957 48999  159.65232   82 2077  159.34305  163.34455  2.51%  64.7 1665s
 57115 49123  159.39443  189 2023  159.34305  163.34455  2.51%  64.7 1670s
 57281 49249  161.38236   72 2121  159.34305  163.33729  2.51%  64.9 1675s
 57482 49435  159.75138  136 1872  159.34305  163.33729  2.51%  64.9 1680s
 57670 49607     cutoff  248       159.34305  163.33581  2.51%  64.9 1685s
 57864 49770  162.76701   96 2368  159.34305  163.33073  2.50%  65.0 1690s
 58034 49940  161.13462  181 1811  159.34305  163.33073  2.50%  65.1 1695s
 58226 50127  160.21200  277 1379  159.34305  163.33073  2.50%  65.1 1700s
 58451 50340  159.86886  390 1218  159.34305  163.33073  2.50%  65.1 1705s
 58684 50444  159.53911  513  816  159.34305  163.33073  2.50%  65.0 1710s
 58851 50581  161.29616  138 2022  159.34305  163.31731  2.49%  65.1 1715s
 59062 50792  159.80840  236 1572  159.34305  163.31731  2.49%  65.1 1720s
 59250 50957  160.23064  200 1731  159.34305  163.31731  2.49%  65.1 1725s
 59409 51071  162.24430   64 2379  159.34305  163.30719  2.49%  65.2 1730s
 59626 51273  160.62975  105 2350  159.34305  163.30719  2.49%  65.2 1735s
 59723 51352  162.59628   29 2647  159.34305  163.30349  2.49%  65.3 1740s
 59902 51520  160.48188  193 2004  159.34305  163.30349  2.49%  65.3 1745s
 60057 51640  162.44521   42 2631  159.34305  163.29295  2.48%  65.4 1750s
 60250 51812  159.42238  217 1655  159.34305  163.29295  2.48%  65.3 1755s
 60445 51985  160.06699  215 1822  159.34305  163.28889  2.48%  65.3 1760s
 60601 52125  161.87617  132 2114  159.34305  163.28830  2.48%  65.4 1765s
 60851 52375  160.46522  263 1862  159.34305  163.28830  2.48%  65.3 1770s
 61109 52632  159.72813  406 1467  159.34305  163.28830  2.48%  65.2 1775s
 61212 52684  162.11394  109 2276  159.34305  163.28644  2.47%  65.2 1781s
 61386 52846  159.34594  279 1712  159.34305  163.28644  2.47%  65.2 1785s
 61461 52908  161.82152  101 2274  159.34305  163.28244  2.47%  65.3 1790s
 61624 52993  159.46202  120 2114  159.34305  163.28187  2.47%  65.4 1795s
 61836 53176  162.09149   31 2548  159.34305  163.27884  2.47%  65.5 1800s
 62007 53347  160.75120  117 1997  159.34305  163.27884  2.47%  65.5 1805s
 62193 53523  159.82084  210 1677  159.34305  163.27884  2.47%  65.6 1810s
 62402 53681  162.42883   97 2338  159.34305  163.27378  2.47%  65.6 1815s
 62591 53858  159.50176  277 1597  159.34305  163.27378  2.47%  65.6 1820s
 62726 53950  160.54424  117 2202  159.34305  163.27184  2.47%  65.7 1825s
 62872 54073  159.39013  142 2070  159.34305  163.27007  2.46%  65.8 1830s
 63063 54238  161.41472  176 1937  159.34305  163.26763  2.46%  65.8 1835s
 63351 54524  159.99016  335 1532  159.34305  163.26763  2.46%  65.7 1840s
 63580 54704  160.60679  125 2124  159.34305  163.25772  2.46%  65.7 1845s
 63776 54889  160.53543  166 1994  159.34305  163.25491  2.45%  65.7 1850s
 63928 55008  162.39668   29 2777  159.34305  163.25003  2.45%  65.7 1855s
 64155 55235  159.67033  256 1776  159.34305  163.25003  2.45%  65.6 1860s
 64277 55298  160.56268   55 2447  159.34305  163.24640  2.45%  65.8 1865s
 64473 55469  159.50872  153 1941  159.34305  163.24640  2.45%  65.8 1870s
 64656 55638  160.29900  204 2125  159.34305  163.24316  2.45%  65.9 1875s
 64822 55766  162.69831   95 2588  159.34305  163.23692  2.44%  66.0 1880s
 65031 55969  159.34717  299 1718  159.34305  163.23692  2.44%  65.9 1885s
 65193 56117  161.36154  186 2029  159.34305  163.23424  2.44%  66.0 1890s
 65407 56328  160.17903  284 1705  159.34305  163.23424  2.44%  65.9 1895s
 65641 56542  159.73294  415 1420  159.34305  163.23424  2.44%  65.8 1900s
 65832 56633  162.33697   38 2560  159.34305  163.22064  2.43%  65.9 1905s
 66000 56791  159.40191   56 2218  159.34305  163.21596  2.43%  65.9 1910s
 66158 56912  161.53316   58 2475  159.34305  163.21475  2.43%  66.0 1915s
 66313 57065  160.44349  135 2093  159.34305  163.21475  2.43%  66.1 1923s
 66397 57142  159.89556  177 1763  159.34305  163.21475  2.43%  66.1 1925s
 66600 57283  162.69763  102 2408  159.34305  163.21475  2.43%  66.2 1930s
 66788 57455  160.46994  215 1816  159.34305  163.21475  2.43%  66.2 1935s
 66949 57581  162.26309  111 2242  159.34305  163.21475  2.43%  66.2 1940s
 67165 57787  159.61697  293 1539  159.34305  163.20974  2.43%  66.2 1945s
 67329 57907  160.25673  131 2367  159.34305  163.20936  2.43%  66.3 1950s
 67408 57954  160.77728   58 2451  159.34305  163.20861  2.43%  66.4 1955s
 67590 58117  161.97366   90 2404  159.34305  163.20197  2.42%  66.5 1960s
 67785 58312  160.88041  197 2061  159.34305  163.20197  2.42%  66.4 1965s
 67981 58507  160.04845  272 1789  159.34305  163.20197  2.42%  66.4 1971s
 68064 58589  159.77302  299 1681  159.34305  163.20197  2.42%  66.4 1975s
 68217 58689  160.02358   52 2478  159.34305  163.19717  2.42%  66.4 1980s
 68392 58847  159.65226  175 1938  159.34305  163.19635  2.42%  66.5 1985s
 68536 58944  161.85188   58 2314  159.34305  163.19209  2.42%  66.5 1990s
 68746 59150  159.48529  265 1867  159.34305  163.19209  2.42%  66.4 1995s
 68881 59242  162.59759  105 2215  159.34305  163.18945  2.41%  66.5 2000s
 69053 59400  162.39125  107 2193  159.34305  163.18686  2.41%  66.5 2005s
 69204 59527  160.38645  110 2406  159.34305  163.18594  2.41%  66.6 2010s
 69400 59705  160.00110  206 1744  159.34305  163.18594  2.41%  66.6 2015s
 69518 59769  162.45267  101 2413  159.34305  163.18499  2.41%  66.7 2020s
 69699 59950  161.38118  190 2063  159.34305  163.18499  2.41%  66.7 2025s
 69965 60215  159.97687  345 1674  159.34305  163.18499  2.41%  66.7 2030s
 70162 60384  159.36803  459 1343  159.34305  163.18499  2.41%  66.6 2035s
 70318 60477  162.09107   39 2629  159.34305  163.17031  2.40%  66.8 2040s
 70533 60668  159.40485  105 1715  159.34305  163.16993  2.40%  66.8 2045s
 70720 60844  159.38602  208 1837  159.34305  163.16993  2.40%  66.7 2050s
 70879 60982  159.45069  177 1806  159.34305  163.16993  2.40%  66.7 2055s
 71060 61137  159.78315  193 2031  159.34305  163.16251  2.40%  66.7 2060s
 71234 61261  162.12781   80 2578  159.34305  163.16179  2.40%  66.8 2065s
 71414 61441  159.62107  260 1883  159.34305  163.16179  2.40%  66.7 2072s
 71468 61465  162.73638   48 2760  159.34305  163.16059  2.40%  66.8 2075s
 71628 61607  162.10916   41 2581  159.34305  163.15910  2.39%  66.9 2080s
 71848 61827  160.49905  175 2103  159.34305  163.15910  2.39%  66.8 2085s
 72054 62029  159.41633  272 1623  159.34305  163.15910  2.39%  66.8 2090s
 72215 62137  160.85583  128 2511  159.34305  163.15154  2.39%  67.0 2095s
 72415 62301  161.31719   57 2425  159.34305  163.15154  2.39%  67.0 2100s
 72594 62460  159.73732   95 2196  159.34305  163.15063  2.39%  67.0 2105s
 72751 62580  159.49057  127 2085  159.34305  163.15009  2.39%  67.0 2110s
 72906 62730  160.58903  178 2085  159.34305  163.14990  2.39%  67.0 2115s
 73115 62922  159.41179  373 1463  159.34305  163.14990  2.39%  66.9 2120s
 73273 63062  161.35954   90 2473  159.34305  163.14614  2.39%  67.1 2125s
 73470 63251  160.07755  188 1932  159.34305  163.14614  2.39%  67.1 2130s
 73664 63405  159.43722  288 1436  159.34305  163.14614  2.39%  67.1 2135s
 73858 63551  161.53584   48 2464  159.34305  163.14492  2.39%  67.2 2140s
 74071 63743  161.94110   53 2543  159.34305  163.14463  2.39%  67.2 2145s
 74305 63977  160.14215  203 2022  159.34305  163.14463  2.39%  67.2 2150s
 74484 64127  162.13390   64 2131  159.34305  163.14127  2.38%  67.2 2155s
 74656 64295  159.90237  234 1658  159.34305  163.14127  2.38%  67.1 2160s
 74779 64393  162.61988   52 2734  159.34305  163.13588  2.38%  67.3 2165s
 74951 64525     cutoff   92       159.34305  163.13349  2.38%  67.3 2170s
 75118 64686     cutoff  205       159.34305  163.13313  2.38%  67.4 2175s
 75216 64776  159.61871  134 1755  159.34305  163.13139  2.38%  67.4 2184s
 75227 64785  159.57370  145 1705  159.34305  163.13139  2.38%  67.4 2185s
 75334 64870  160.47792   47 2448  159.34305  163.12146  2.37%  67.5 2190s
 75489 64997  159.62664  192 1702  159.34305  163.12146  2.37%  67.5 2195s
 75674 65150  161.95854   51 2619  159.34305  163.12049  2.37%  67.7 2200s
 75813 65279  161.62551   86 2453  159.34305  163.12048  2.37%  67.7 2205s
 76067 65533  160.24458  229 1838  159.34305  163.12048  2.37%  67.7 2210s
 76246 65712  159.91693  318 1454  159.34305  163.12048  2.37%  67.6 2215s
 76501 65888  159.93977  185 1772  159.34305  163.12048  2.37%  67.6 2220s
 76538 65912  162.41873  112 2266  159.34305  163.11963  2.37%  67.7 2225s
 76716 66062  162.50845  103 2414  159.34305  163.11963  2.37%  67.7 2230s
 76939 66259  160.41547  232 1826  159.34305  163.11939  2.37%  67.7 2235s
 77083 66375     cutoff   50       159.34305  163.11773  2.37%  67.8 2240s
 77239 66505  160.72786  160 2153  159.34305  163.11678  2.37%  67.8 2245s
 77464 66708  162.47671   52 2972  159.34305  163.11670  2.37%  67.7 2250s
 77653 66884  160.76039  147 2139  159.34305  163.11275  2.37%  67.8 2255s
 77810 67029  160.87284   74 2268  159.34305  163.11099  2.36%  67.8 2261s
 77911 67118  160.65997  134 2372  159.34305  163.11069  2.36%  67.8 2265s
 78114 67293  160.53080  124 2413  159.34305  163.11038  2.36%  67.9 2270s
 78299 67476  159.49004  209 2159  159.34305  163.11038  2.36%  67.8 2275s
 78466 67628  159.85738  157 2105  159.34305  163.11029  2.36%  67.8 2280s
 78640 67770  161.16100   64 2494  159.34305  163.10498  2.36%  67.9 2285s
 78875 67993  160.37260  129 2198  159.34305  163.10494  2.36%  67.9 2290s
 79050 68152  160.74042  127 2343  159.34305  163.10494  2.36%  67.9 2295s
 79252 68315  161.91724   36 2887  159.34305  163.10451  2.36%  68.0 2300s
 79358 68370  159.40466   54 2542  159.34305  163.10451  2.36%  68.0 2305s
 79509 68493  160.49370  196 1879  159.34305  163.10199  2.36%  68.1 2310s
 79707 68656  159.37565  364 1406  159.34305  163.10199  2.36%  68.0 2315s
 79893 68812  161.52447  110 2429  159.34305  163.10182  2.36%  68.1 2320s
 80144 69063  160.02432  250 1889  159.34305  163.10182  2.36%  68.1 2325s
 80334 69232  162.41354   57 2604  159.34305  163.10132  2.36%  68.2 2330s
 80555 69406  162.18980   37 2857  159.34305  163.09856  2.36%  68.2 2335s
 80785 69615  159.50187  231 2123  159.34305  163.09578  2.36%  68.2 2340s
 80981 69782  159.70497  118 2395  159.34305  163.09128  2.35%  68.3 2345s
 81162 69940  161.85671   83 2591  159.34305  163.09087  2.35%  68.4 2350s
 81414 70178  161.29959   58 2553  159.34305  163.08798  2.35%  68.3 2355s
 81610 70366  159.49648  283 1803  159.34305  163.08798  2.35%  68.4 2360s
 81664 70403  162.43911  110 2483  159.34305  163.08319  2.35%  68.4 2365s
 81827 70566  160.88014  197 1994  159.34305  163.08319  2.35%  68.4 2370s
 82098 70830  159.62960  337 1532  159.34305  163.08319  2.35%  68.3 2375s
 82116 70846  159.60049  350 1501  159.34305  163.08319  2.35%  68.3 2386s
 82230 70915  161.42308   54 2632  159.34305  163.08252  2.35%  68.3 2390s
 82454 71121  160.31937  110 2170  159.34305  163.07964  2.34%  68.3 2395s
 82686 71335  160.11746  212 2002  159.34305  163.07960  2.34%  68.3 2400s
 82865 71492  159.88096  102 2316  159.34305  163.07780  2.34%  68.3 2405s
 83029 71620  161.69167   56 2532  159.34305  163.07682  2.34%  68.5 2410s
 83177 71754  161.25003   91 2131  159.34305  163.07451  2.34%  68.5 2415s
 83409 71986  159.60121  323 1503  159.34305  163.07451  2.34%  68.4 2420s
 83601 72162  160.28199   82 2255  159.34305  163.07405  2.34%  68.3 2425s
 83821 72364  159.59716  218 2149  159.34305  163.07346  2.34%  68.3 2430s
 83980 72504  161.39027   90 2405  159.34305  163.07259  2.34%  68.5 2435s
 84163 72687  160.45253  181 1922  159.34305  163.07259  2.34%  68.5 2440s
 84360 72866  159.93794  282 1443  159.34305  163.07259  2.34%  68.5 2445s
 84541 73011  159.36258  377 1105  159.34305  163.07259  2.34%  68.5 2450s
 84764 73211  160.77202  161 1940  159.34305  163.07229  2.34%  68.5 2455s
 84969 73415  159.92461  255 1727  159.34305  163.07229  2.34%  68.5 2460s
 85218 73633  159.50871  364 1342  159.34305  163.07229  2.34%  68.4 2465s
 85394 73769  160.71121  109 2373  159.34305  163.07229  2.34%  68.4 2470s
 85546 73912  162.40500   44 2522  159.34305  163.07229  2.34%  68.5 2475s
 85792 74144  159.46591  232 1785  159.34305  163.07226  2.34%  68.4 2480s
 85988 74318  160.47327  139 2204  159.34305  163.07097  2.34%  68.5 2485s
 86184 74482  160.02871   76 2438  159.34305  163.07097  2.34%  68.5 2490s
 86313 74573  161.86733   64 2471  159.34305  163.07034  2.34%  68.6 2495s
 86513 74760  159.60348  166 2097  159.34305  163.06956  2.34%  68.6 2500s
 86633 74847  161.04004   60 2531  159.34305  163.06644  2.34%  68.7 2505s
 86717 74931  160.31022  108 2338  159.34305  163.06644  2.34%  68.7 2511s
 86884 75058  162.63112   28 2842  159.34305  163.06573  2.34%  68.7 2515s
 87060 75178     cutoff   68       159.34305  163.06395  2.34%  68.8 2520s
 87242 75335     cutoff   67       159.34305  163.06226  2.33%  68.9 2525s
 87459 75546     cutoff  249       159.34305  163.06190  2.33%  68.9 2530s
 87549 75608  161.73937   50 2511  159.34305  163.06140  2.33%  69.0 2535s
 87732 75785  160.52218  142 2031  159.34305  163.06140  2.33%  69.1 2540s
 87932 75918  161.01329   35 2760  159.34305  163.05989  2.33%  69.1 2545s
 88128 76100  159.72444  168 1881  159.34305  163.05958  2.33%  69.1 2550s
 88353 76291  161.64674   79 2379  159.34305  163.05875  2.33%  69.2 2555s
 88589 76527  160.57025  212 1884  159.34305  163.05875  2.33%  69.2 2560s
 88802 76739  159.69221  322 1529  159.34305  163.05875  2.33%  69.2 2565s
 89052 76943  159.59093  456  955  159.34305  163.05875  2.33%  69.1 2570s
 89205 77092  159.45258  555  892  159.34305  163.05875  2.33%  69.0 2575s
 89341 77180  159.41592   50 2386  159.34305  163.05696  2.33%  69.1 2580s
 89463 77259  160.63255   58 2579  159.34305  163.05693  2.33%  69.3 2585s
 89682 77465     cutoff  225       159.34305  163.05688  2.33%  69.3 2590s
 89836 77575  160.96389   63 2466  159.34305  163.05409  2.33%  69.5 2595s
 90021 77744  159.66566  118 1902  159.34305  163.05217  2.33%  69.5 2600s
 90233 77934     cutoff  221       159.34305  163.05192  2.33%  69.5 2605s
 90421 78112  161.20230  153 2330  159.34305  163.05192  2.33%  69.5 2610s
 90671 78359  160.03617  279 1662  159.34305  163.05192  2.33%  69.5 2615s
 90899 78560  159.54306  401 1368  159.34305  163.05192  2.33%  69.4 2620s
 91121 78750  159.92913  219 1996  159.34305  163.05128  2.33%  69.4 2625s
 91300 78885  160.54327   66 2419  159.34305  163.04929  2.33%  69.5 2630s
 91515 79069  161.86535   90 2447  159.34305  163.04878  2.33%  69.6 2635s
 91724 79278  160.45816  194 1915  159.34305  163.04878  2.33%  69.7 2640s
 91818 79370  160.15172  241 1770  159.34305  163.04878  2.33%  69.7 2645s
 91996 79527  159.96675  330 1488  159.34305  163.04878  2.33%  69.7 2650s
 92225 79677  159.69362  448  746  159.34305  163.04878  2.33%  69.6 2655s
 92411 79788  159.54461  541  645  159.34305  163.04878  2.33%  69.6 2661s
 92577 79887  159.51426  624  453  159.34305  163.04878  2.33%  69.5 2665s
 92874 79979  159.43208  773   52  159.34305  163.04878  2.33%  69.3 2670s
 93079 80148  159.81846  200 2030  159.34305  163.04878  2.33%  69.3 2675s
 93173 80204  162.59628   32 2838  159.34305  163.04457  2.32%  69.5 2680s
 93387 80406  162.34324   49 2670  159.34305  163.04428  2.32%  69.5 2685s
 93578 80582  159.97097  175 2038  159.34305  163.04161  2.32%  69.6 2690s
 93686 80676  160.05565   60 2341  159.34305  163.04161  2.32%  69.6 2695s
 93887 80833  160.07973  136 1893  159.34305  163.03735  2.32%  69.7 2700s
 94084 81004  160.73020   44 2351  159.34305  163.03607  2.32%  69.8 2705s
 94301 81210  159.51147  238 1809  159.34305  163.03605  2.32%  69.7 2710s
 94512 81390  160.46774  122 2105  159.34305  163.03588  2.32%  69.8 2715s
 94722 81573  162.38084   53 2737  159.34305  163.03574  2.32%  69.9 2720s
 94925 81756  159.37722  148 2037  159.34305  163.03566  2.32%  69.9 2725s
 95109 81884  159.39091  158 1952  159.34305  163.03091  2.31%  70.0 2730s
 95323 82089  159.63492  252 1749  159.34305  163.03087  2.31%  70.0 2735s
 95489 82235  161.04240  167 2023  159.34305  163.03079  2.31%  70.1 2740s
 95700 82445  159.94916  261 1543  159.34305  163.03079  2.31%  70.0 2745s
 95943 82650  159.47424  405 1080  159.34305  163.03079  2.31%  70.0 2750s
 96137 82823  160.94074   96 2504  159.34305  163.03079  2.31%  70.1 2755s
 96343 83009  159.93310  199 1947  159.34305  163.03079  2.31%  70.1 2760s
 96514 83113  162.15625  115 2370  159.34305  163.03011  2.31%  70.2 2765s
 96763 83335     cutoff  344       159.34305  163.03011  2.31%  70.2 2770s
 96911 83453  160.89271  172 1905  159.34305  163.02926  2.31%  70.3 2775s
 96972 83514  159.91405  233 1746  159.34305  163.02926  2.31%  70.2 2780s
 97138 83648  160.71631   70 2471  159.34305  163.02513  2.31%  70.4 2785s
 97298 83780  162.14072   64 2582  159.34305  163.02360  2.31%  70.4 2790s
 97407 83871  159.75358   44 2648  159.34305  163.02326  2.31%  70.5 2795s
 97547 83981  161.19964   58 2620  159.34305  163.02219  2.31%  70.6 2800s
 97748 84180  160.18746  150 2262  159.34305  163.02219  2.31%  70.6 2805s
 97954 84336  162.00851   26 2906  159.34305  163.02137  2.31%  70.7 2810s
 98147 84519  160.19381  133 2220  159.34305  163.02000  2.31%  70.7 2815s
 98324 84679  159.89393  157 2220  159.34305  163.01995  2.31%  70.7 2820s
 98500 84819  159.51249   86 2179  159.34305  163.01966  2.31%  70.8 2825s
 98671 84941  161.60542   34 2766  159.34305  163.01730  2.31%  70.9 2830s
 98861 85117  159.47487  176 1908  159.34305  163.01480  2.30%  70.9 2835s
 99041 85277  159.97941  142 2445  159.34305  163.01463  2.30%  71.0 2840s
 99205 85397  159.44225  221 2047  159.34305  163.01463  2.30%  71.0 2845s
 99437 85621  159.60953  262 1710  159.34305  163.01252  2.30%  71.0 2850s
 99668 85850  159.34337  492  859  159.34305  163.01252  2.30%  70.9 2855s
 99843 86009  160.96851  121 2350  159.34305  163.01132  2.30%  71.0 2860s
 100018 86184  159.98920  233 1895  159.34305  163.01132  2.30%  70.9 2866s
 100143 86309  159.76678  304 1737  159.34305  163.01132  2.30%  70.9 2870s
 100328 86444  160.84153   63 2550  159.34305  163.01063  2.30%  70.9 2887s
 100366 86469  161.97912   66 2668  159.34305  163.01063  2.30%  71.0 2890s
 100518 86605  159.37505  167 1873  159.34305  163.01041  2.30%  71.0 2895s
 100692 86751  159.78309  140 2121  159.34305  163.00989  2.30%  71.1 2900s
 100870 86906  160.30391  154 2153  159.34305  163.00970  2.30%  71.2 2905s
 101066 87085  159.58143   86 2286  159.34305  163.00906  2.30%  71.2 2910s
 101258 87267  159.86926  217 1808  159.34305  163.00906  2.30%  71.2 2915s
 101477 87453  159.41354  173 1856  159.34305  163.00867  2.30%  71.2 2920s
 101667 87629  160.92883  174 2247  159.34305  163.00814  2.30%  71.3 2925s
 101871 87833  159.96231  269 1914  159.34305  163.00814  2.30%  71.2 2930s
 102020 87980  159.71485  354 1748  159.34305  163.00814  2.30%  71.2 2937s
 102124 88073  159.53664  411 1379  159.34305  163.00814  2.30%  71.1 2941s
 102204 88119  162.07620   66 2561  159.34305  163.00769  2.30%  71.2 2945s
 102410 88292  160.03235  142 2138  159.34305  163.00708  2.30%  71.2 2950s
 102635 88454  159.38742  104 2090  159.34305  163.00705  2.30%  71.2 2955s
 102807 88582  159.55443   95 2001  159.34305  163.00284  2.30%  71.3 2960s
 102978 88743  159.75923  110 2166  159.34305  163.00217  2.30%  71.4 2965s
 103188 88929  160.00356  215 1842  159.34305  163.00217  2.30%  71.4 2970s
 103409 89122  159.63417  327 1354  159.34305  163.00217  2.30%  71.4 2975s
 103592 89260  161.49404   57 2374  159.34305  163.00073  2.30%  71.5 2980s
 103766 89416  160.60955   98 2343  159.34305  163.00073  2.30%  71.5 2985s
 103944 89567  160.72716  120 2208  159.34305  163.00042  2.30%  71.5 2990s
 104178 89798  159.46203  353 1147  159.34305  163.00042  2.30%  71.4 2995s
 104365 89973  161.28971  110 2326  159.34305  163.00012  2.30%  71.5 3000s
 104586 90194  160.13792  212 1804  159.34305  163.00012  2.30%  71.4 3005s
 104846 90445  159.74356  400 1337  159.34305  163.00012  2.30%  71.3 3010s
 105037 90632  159.56442  502  974  159.34305  163.00012  2.30%  71.3 3015s
 105390 90963  159.53017  798  663  159.34305  163.00012  2.30%  71.1 3020s
 105704 91270  159.52039 1085  308  159.34305  163.00012  2.30%  70.9 3025s
 105928 91437  160.63291  118 2294  159.34305  162.99806  2.29%  70.8 3030s
 106173 91679  159.51021  361 1242  159.34305  162.99806  2.29%  70.7 3035s
 106366 91824  160.27037  140 2198  159.34305  162.99790  2.29%  70.8 3040s
 106508 91935  162.25131  121 2410  159.34305  162.99646  2.29%  70.9 3045s
 106635 92039  159.94766  155 1863  159.34305  162.99269  2.29%  70.9 3050s
 106800 92163     cutoff   96       159.34305  162.99229  2.29%  71.0 3055s
 107001 92335  159.76618  167 1901  159.34305  162.98933  2.29%  71.0 3060s
 107121 92431  159.75460  124 2133  159.34305  162.98893  2.29%  71.0 3067s
 107156 92456  162.26162   37 2661  159.34305  162.98830  2.29%  71.1 3070s
 107285 92585  161.08501  103 2197  159.34305  162.98830  2.29%  71.1 3075s
 107556 92856  159.64364  277 1660  159.34305  162.98830  2.29%  71.0 3080s
 107731 92985  160.89753   56 2456  159.34305  162.98697  2.29%  71.0 3085s
 107931 93165  161.08939   49 2553  159.34305  162.98527  2.29%  71.1 3090s
 108119 93323  160.62003  118 2205  159.34305  162.98432  2.29%  71.1 3095s
 108325 93491  160.04570  185 1983  159.34305  162.98427  2.29%  71.2 3100s
 108462 93570     cutoff   77       159.34305  162.98236  2.28%  71.2 3105s
 108637 93734  159.44333  218 1682  159.34305  162.98195  2.28%  71.2 3110s
 108791 93847     cutoff   81       159.34305  162.98133  2.28%  71.3 3115s
 108935 93981  160.95374  111 2239  159.34305  162.98054  2.28%  71.4 3120s
 109122 94168  159.84717  200 1747  159.34305  162.98054  2.28%  71.4 3125s
 109259 94283  159.39429  265 1429  159.34305  162.98054  2.28%  71.3 3130s
 109411 94403  161.21996   45 2422  159.34305  162.98033  2.28%  71.4 3135s
 109663 94634  159.68957  250 2061  159.34305  162.97717  2.28%  71.4 3140s
 109795 94739  161.85533   70 2646  159.34305  162.97585  2.28%  71.5 3145s
 109989 94901  160.02393   70 2551  159.34305  162.97585  2.28%  71.5 3150s
 110096 94969  161.53451   76 2557  159.34305  162.97444  2.28%  71.5 3162s
 110110 94983  161.16895   90 2460  159.34305  162.97444  2.28%  71.5 3165s
 110305 95154  162.42722   25 2852  159.34305  162.97330  2.28%  71.6 3170s
 110454 95283  159.45074  139 2123  159.34305  162.97327  2.28%  71.6 3175s
 110630 95437  160.02740  136 1929  159.34305  162.97175  2.28%  71.7 3180s
 110787 95588  159.41648  200 1791  159.34305  162.97175  2.28%  71.7 3185s
 110913 95664  160.92861  146 2092  159.34305  162.97145  2.28%  71.8 3190s
 111080 95777  161.29189   96 2385  159.34305  162.96937  2.28%  71.9 3195s
 111254 95915  161.98858   66 2686  159.34305  162.96912  2.28%  72.0 3200s
 111470 96120  160.99001  101 2340  159.34305  162.96821  2.28%  72.0 3205s
 111649 96266  161.56035   39 2672  159.34305  162.96625  2.27%  72.0 3210s
 111845 96433  159.78785  171 1840  159.34305  162.96444  2.27%  72.0 3215s
 112012 96584  161.51016  122 2185  159.34305  162.96405  2.27%  72.0 3220s
 112222 96793  159.99225  244 1765  159.34305  162.96405  2.27%  72.0 3228s
 112292 96863  159.66368  281 1648  159.34305  162.96405  2.27%  72.0 3230s
 112374 96939  159.37641  302 1460  159.34305  162.96405  2.27%  72.0 3235s
 112435 96982  162.14025   42 2663  159.34305  162.96390  2.27%  72.0 3240s
 112693 97233  159.42967  300 1391  159.34305  162.96390  2.27%  71.9 3245s
 112873 97394  160.35623  132 2154  159.34305  162.96352  2.27%  72.0 3250s
 113054 97562  159.52025   99 2046  159.34305  162.96352  2.27%  72.0 3255s
 113190 97648     cutoff   99       159.34305  162.96352  2.27%  72.1 3260s
 113374 97814  159.41413  196 1926  159.34305  162.96143  2.27%  72.1 3265s
 113538 97959  160.11828  109 2210  159.34305  162.96087  2.27%  72.2 3270s
 113722 98141  160.49675  201 1975  159.34305  162.96087  2.27%  72.3 3275s
 113936 98339  160.02945  308 1628  159.34305  162.96087  2.27%  72.2 3280s
 114046 98426  159.81849  365 1327  159.34305  162.96087  2.27%  72.2 3287s
 114157 98519  159.66160  420 1183  159.34305  162.96087  2.27%  72.2 3290s
 114398 98729  159.86494  198 1957  159.34305  162.96072  2.27%  72.2 3295s
 114561 98861  161.61355  112 2202  159.34305  162.96058  2.27%  72.3 3300s
 114800 99100  160.25084  230 1705  159.34305  162.96058  2.27%  72.2 3305s
 115012 99307  159.64524  338 1230  159.34305  162.96058  2.27%  72.2 3310s
 115150 99400  161.41775   61 2647  159.34305  162.95945  2.27%  72.3 3315s
 115339 99537  161.18758   75 2202  159.34305  162.95616  2.27%  72.3 3320s
 115582 99774  159.55777  318 1242  159.34305  162.95616  2.27%  72.3 3325s
 115747 99906     cutoff  135       159.34305  162.95603  2.27%  72.3 3330s
 115893 100030  160.94402  122 2162  159.34305  162.95306  2.27%  72.3 3335s
H115933 100052                     159.3430469  162.95281  2.27%  72.4 3340s
 115963 100084  160.43086   45 2424  159.34305  162.95281  2.27%  72.4 3345s
H116014 100121                     159.3430470  162.95281  2.27%  72.4 3353s
 116041 100148  159.66017   80 2218  159.34305  162.95281  2.27%  72.4 3386s
 116081 100177  161.27567   42 2610  159.34305  162.95187  2.26%  72.4 3390s
 116170 100250  162.28026   45 2744  159.34305  162.95187  2.26%  72.5 3395s
 116384 100464  159.63670  259 1864  159.34305  162.95187  2.26%  72.4 3400s
 116545 100609  161.80341   66 2622  159.34305  162.95176  2.26%  72.4 3405s
 116760 100824  160.66083  172 2123  159.34305  162.95176  2.26%  72.4 3410s
 116982 101046  159.93322  313 1665  159.34305  162.95176  2.26%  72.4 3415s
 117118 101182  159.79543  406 1338  159.34305  162.95176  2.26%  72.3 3420s
 117256 101280  160.54450   55 2472  159.34305  162.95166  2.26%  72.3 3425s
 117323 101337  161.50982   38 2744  159.34305  162.95127  2.26%  72.4 3430s
 117461 101459  160.86725   67 2450  159.34305  162.95063  2.26%  72.4 3435s
 117651 101618  159.45758  175 2043  159.34305  162.94883  2.26%  72.5 3440s
 117850 101801  160.49973  145 2088  159.34305  162.94878  2.26%  72.5 3445s
 118014 101919  162.31404   45 2570  159.34305  162.94789  2.26%  72.6 3450s
 118239 102128  159.97315  222 1818  159.34305  162.94769  2.26%  72.6 3455s
 118432 102297  159.97960  140 1957  159.34305  162.94769  2.26%  72.6 3460s
 118616 102464  159.58775  211 1818  159.34305  162.94744  2.26%  72.6 3465s
 118775 102594  161.57389  153 2314  159.34305  162.94675  2.26%  72.7 3470s
 118963 102782  160.03866  244 1719  159.34305  162.94675  2.26%  72.7 3475s
 119153 102938  160.86262   78 2442  159.34305  162.94634  2.26%  72.7 3480s
 119364 103139  159.63542  211 1419  159.34305  162.94462  2.26%  72.8 3485s
 119568 103326  159.54826  127 1977  159.34305  162.94452  2.26%  72.7 3490s
 119756 103488  162.48143   33 2672  159.34305  162.94452  2.26%  72.8 3495s
 119898 103581  162.48582   34 2787  159.34305  162.93916  2.26%  72.9 3500s
 120072 103740  161.62816   47 2626  159.34305  162.93912  2.26%  72.9 3505s
 120302 103958  159.72413  236 1712  159.34305  162.93765  2.26%  72.9 3510s
 120516 104159  160.71621  149 2309  159.34305  162.93762  2.26%  72.9 3515s
 120713 104351  159.59856  238 1530  159.34305  162.93762  2.26%  72.9 3520s
 120889 104498  160.49944  125 2219  159.34305  162.93762  2.26%  72.9 3525s
 121074 104669  162.05307   55 2595  159.34305  162.93741  2.26%  72.9 3530s
 121299 104888  160.68115  168 2133  159.34305  162.93741  2.26%  73.0 3535s
 121521 105085  160.07225  279 1798  159.34305  162.93741  2.26%  73.0 3540s
 121689 105242  159.89228  363 1510  159.34305  162.93741  2.26%  73.0 3545s
 121873 105365     cutoff  449       159.34305  162.93741  2.26%  72.9 3550s
 121920 105410  160.28309   64 2346  159.34305  162.93698  2.26%  72.9 3555s
 122089 105533  161.16809   92 2443  159.34305  162.93501  2.25%  73.0 3560s
 122367 105811  159.46810  370 1317  159.34305  162.93501  2.25%  72.9 3565s
 122424 105868  159.45345  427 1174  159.34305  162.93501  2.25%  72.9 3570s
 122568 105994  159.49908   73 2349  159.34305  162.93469  2.25%  72.9 3575s
 122763 106164  162.26413   41 2630  159.34305  162.93424  2.25%  72.9 3580s
 122896 106255  159.51129   83 2385  159.34305  162.93346  2.25%  73.0 3585s
 123116 106465  160.87158  172 1967  159.34305  162.93321  2.25%  73.0 3590s
 123354 106702  160.04832  270 1503  159.34305  162.93321  2.25%  73.0 3595s
 123664 106981  159.54515  473  968  159.34305  162.93321  2.25%  72.9 3600s
 123961 107267  159.43370  734  769  159.34305  162.93321  2.25%  72.8 3605s
 124211 107493  159.40468  943  541  159.34305  162.93321  2.25%  72.6 3610s
 124431 107674  160.09407  183 2106  159.34305  162.93217  2.25%  72.7 3615s
 124640 107843  161.82911   70 2566  159.34305  162.93160  2.25%  72.7 3620s
 124870 108061  162.25292   43 2712  159.34305  162.93160  2.25%  72.7 3625s
 124990 108161  161.69591   56 2480  159.34305  162.93145  2.25%  72.8 3630s
 125104 108257     cutoff   74       159.34305  162.93145  2.25%  72.8 3635s
 125255 108367  161.51335   90 2194  159.34305  162.93071  2.25%  72.8 3640s
 125478 108564  160.56315   73 2446  159.34305  162.92821  2.25%  72.9 3645s
 125645 108698  159.95914  181 1971  159.34305  162.92784  2.25%  72.9 3650s
 125821 108846  160.81686  118 2287  159.34305  162.92686  2.25%  72.9 3655s
 126057 109051  161.79397   49 2550  159.34305  162.92680  2.25%  72.9 3660s
 126255 109235  159.41792  190 1982  159.34305  162.92680  2.25%  72.9 3665s
 126415 109359  161.02417  110 2200  159.34305  162.92609  2.25%  73.0 3670s
 126606 109528     cutoff   93       159.34305  162.92412  2.25%  73.0 3675s
 126806 109716  159.54184  245 1703  159.34305  162.92326  2.25%  73.0 3680s
 127051 109928  162.11108   42 2744  159.34305  162.92306  2.25%  73.0 3685s
 127221 110061  162.00413   30 2893  159.34305  162.92293  2.25%  73.1 3690s
 127389 110229  160.65854  135 2315  159.34305  162.92293  2.25%  73.1 3695s
 127525 110365  159.91903  206 2074  159.34305  162.92293  2.25%  73.1 3702s
 127622 110462  159.56979  233 1912  159.34305  162.92293  2.25%  73.1 3705s
 127749 110544  159.43699   95 2156  159.34305  162.92088  2.25%  73.1 3710s
 127967 110738     cutoff  239       159.34305  162.92088  2.25%  73.1 3715s
 128144 110890  160.07029  153 2055  159.34305  162.92051  2.25%  73.1 3720s
 128334 111049  162.76902   29 3033  159.34305  162.91979  2.24%  73.2 3725s
 128553 111268  159.35680  248 1417  159.34305  162.91979  2.24%  73.1 3730s
 128728 111431  160.50412  121 2347  159.34305  162.91966  2.24%  73.2 3735s
 128965 111641  160.15310  240 1863  159.34305  162.91966  2.24%  73.2 3740s
 129195 111832  159.81543  355 1498  159.34305  162.91966  2.24%  73.2 3745s
 129426 112015  159.60909  472 1164  159.34305  162.91966  2.24%  73.1 3750s
 129688 112171  159.35709  603  369  159.34305  162.91966  2.24%  73.0 3755s
 129934 112287  161.54005   77 2544  159.34305  162.91890  2.24%  73.0 3760s
 130174 112497  159.63948  143 1776  159.34305  162.91874  2.24%  73.0 3765s
 130375 112681  159.39467  218 1827  159.34305  162.91526  2.24%  73.0 3770s
 130530 112818  161.06890  125 2274  159.34305  162.91526  2.24%  73.0 3775s
 130748 113036  159.76949  243 1831  159.34305  162.91526  2.24%  73.0 3780s
 130887 113163     cutoff  288       159.34305  162.91526  2.24%  73.0 3785s
 131074 113303  161.37645   30 2693  159.34305  162.91294  2.24%  73.1 3790s
 131204 113383  161.42488   98 2682  159.34305  162.91258  2.24%  73.2 3795s
 131393 113538  162.26791   61 2676  159.34305  162.91071  2.24%  73.2 3800s
 131601 113746  159.71840  269 1932  159.34305  162.91071  2.24%  73.2 3805s
 131757 113880     cutoff  112       159.34305  162.90912  2.24%  73.2 3810s
 131983 114088  159.51046  270 1780  159.34305  162.90911  2.24%  73.2 3815s
 132137 114209  162.29050   47 2695  159.34305  162.90896  2.24%  73.3 3820s
 132304 114376  161.13686  143 2288  159.34305  162.90896  2.24%  73.3 3825s
 132516 114588  160.13347  256 1860  159.34305  162.90896  2.24%  73.2 3830s
 132626 114687  159.98453  318 1669  159.34305  162.90896  2.24%  73.2 3835s
 132809 114804  159.96208  123 2087  159.34305  162.90744  2.24%  73.2 3840s
 133012 114994  159.93621  205 1790  159.34305  162.90715  2.24%  73.2 3845s
 133275 115231  159.65052  150 2211  159.34305  162.90697  2.24%  73.1 3850s
 133400 115317  162.18703   68 2626  159.34305  162.90686  2.24%  73.2 3855s
 133610 115496  160.14699  164 1989  159.34305  162.90645  2.24%  73.2 3860s
 133851 115719  159.62278   95 2385  159.34305  162.90608  2.24%  73.2 3865s
 134065 115923  159.66765  231 2055  159.34305  162.90600  2.24%  73.2 3870s
 134262 116080  160.13616  131 2076  159.34305  162.90355  2.23%  73.2 3875s
 134403 116187  161.66455   69 2501  159.34305  162.90287  2.23%  73.3 3880s
 134611 116394  160.39607  176 1945  159.34305  162.90287  2.23%  73.2 3885s
 134797 116567  159.83860  267 1565  159.34305  162.90287  2.23%  73.2 3890s
 135012 116765  159.50381  418 1135  159.34305  162.90287  2.23%  73.2 3895s
 135304 117053  159.45005  680  830  159.34305  162.90287  2.23%  73.0 3900s
 135509 117230  162.07009  119 2451  159.34305  162.90190  2.23%  73.0 3905s
 135782 117503  159.41452  392 1252  159.34305  162.90190  2.23%  72.9 3910s
 136102 117823  159.40044  712  819  159.34305  162.90190  2.23%  72.7 3915s
 136252 117939  161.42678  178 2157  159.34305  162.90153  2.23%  72.8 3920s
 136471 118142  159.45327  389 1236  159.34305  162.90153  2.23%  72.8 3925s
 136630 118269  161.30266  144 2312  159.34305  162.90014  2.23%  72.8 3930s
 136650 118289  160.83641  164 2134  159.34305  162.90014  2.23%  72.8 3935s
 136823 118437  159.64892   78 2259  159.34305  162.90014  2.23%  72.8 3940s
 137027 118601  159.39791  141 1755  159.34305  162.89780  2.23%  72.9 3945s
 137165 118711  162.07974  120 2347  159.34305  162.89665  2.23%  73.0 3950s
 137376 118922  160.67141  228 1687  159.34305  162.89665  2.23%  72.9 3955s
 137588 119133  159.62201  334 1410  159.34305  162.89665  2.23%  72.9 3960s
 137727 119232  161.87691  128 2228  159.34305  162.89642  2.23%  72.9 3967s
 137825 119330  161.36163  177 2003  159.34305  162.89642  2.23%  72.9 3970s
 138063 119536  159.98219  296 1274  159.34305  162.89642  2.23%  73.0 3975s
 138305 119746  159.66156  417  749  159.34305  162.89642  2.23%  72.9 3980s
 138524 119851  161.73882   98 2637  159.34305  162.89300  2.23%  73.0 3985s
 138715 120021  159.53990   79 2250  159.34305  162.89280  2.23%  73.0 3990s
 138934 120209  159.52729  212 1766  159.34305  162.89265  2.23%  73.0 3995s
 139114 120361  160.62653  122 2307  159.34305  162.89109  2.23%  73.0 4000s
 139310 120530  161.30901   52 2280  159.34305  162.88981  2.23%  73.1 4005s
 139505 120701  161.78545   34 2592  159.34305  162.88977  2.23%  73.0 4010s
 139604 120800  161.27405   44 2517  159.34305  162.88977  2.23%  73.0 4015s
 139747 120863  162.23825   65 2648  159.34305  162.88977  2.23%  73.1 4020s
 140002 121118  160.22610  198 2010  159.34305  162.88977  2.23%  73.1 4025s
 140295 121386  159.52519  346 1416  159.34305  162.88977  2.23%  73.0 4030s
 140531 121571  160.32423  204 1999  159.34305  162.88977  2.23%  73.0 4035s
 140864 121899  159.40044  535  950  159.34305  162.88977  2.23%  72.9 4040s
 141155 122158  161.91738   76 2585  159.34305  162.88939  2.23%  72.8 4045s
 141337 122319  160.91753  124 2181  159.34305  162.88909  2.23%  72.8 4050s
 141577 122559  159.45327  364 1200  159.34305  162.88909  2.23%  72.7 4055s
 141779 122717  160.50506   85 2374  159.34305  162.88773  2.22%  72.7 4060s
 141952 122851  160.95330   78 2524  159.34305  162.88753  2.22%  72.8 4065s
 142097 122954  162.08126   61 2603  159.34305  162.88753  2.22%  72.9 4070s
 142282 123133  160.60116  153 2003  159.34305  162.88753  2.22%  73.0 4075s
 142485 123312  159.96278  255 1728  159.34305  162.88753  2.22%  72.9 4080s
 142672 123462  159.60395  350 1316  159.34305  162.88753  2.22%  72.9 4085s
 142828 123577  159.45719  428  898  159.34305  162.88753  2.22%  72.9 4092s
 142952 123635  159.45646  490  647  159.34305  162.88753  2.22%  72.8 4095s
 143150 123770  161.93094   75 2454  159.34305  162.88753  2.22%  72.9 4100s
 143324 123944  160.43034  169 1854  159.34305  162.88753  2.22%  72.9 4105s
 143536 124151  159.54171  284 1349  159.34305  162.88753  2.22%  72.8 4110s
 143753 124327  162.42749   40 2760  159.34305  162.88753  2.22%  72.8 4115s
H143862 124420                     159.3430472  162.88753  2.22%  72.8 4120s
 143889 124439  159.79452   82 2185  159.34305  162.88753  2.22%  72.8 4126s
 143977 124507  159.35850   98 1874  159.34305  162.88659  2.22%  72.9 4130s
 144240 124756  159.47159  292 1635  159.34305  162.88635  2.22%  72.9 4135s
 144472 124971  159.95159  168 1965  159.34305  162.88635  2.22%  72.8 4140s
 144631 125113  160.50448  150 2354  159.34305  162.88621  2.22%  72.9 4145s
 144856 125318  162.03814   47 2736  159.34305  162.88621  2.22%  72.8 4150s
H144862 125322                     159.3430475  162.88621  2.22%  72.8 4150s
H144862 125322                     159.3430476  162.88621  2.22%  72.8 4153s
 144912 125352  161.65103   40 2944  159.34305  162.88621  2.22%  72.9 4155s
 145064 125472  162.04334   47 2703  159.34305  162.88552  2.22%  72.9 4160s
 145216 125606  161.88584  148 2219  159.34305  162.88534  2.22%  72.9 4165s
 145398 125788  160.62944  243 1986  159.34305  162.88534  2.22%  72.9 4170s
 145622 126011  159.55009  344 1582  159.34305  162.88534  2.22%  72.9 4175s
 145795 126138  159.50416  134 2289  159.34305  162.88493  2.22%  72.9 4180s
 145960 126277  159.54001  152 2117  159.34305  162.88433  2.22%  73.0 4185s
 146122 126390  161.34176   46 2738  159.34305  162.88344  2.22%  73.1 4190s
 146294 126548  160.11273  132 2268  159.34305  162.88344  2.22%  73.1 4195s
 146481 126695  159.42467  227 1742  159.34305  162.88344  2.22%  73.1 4200s
 146683 126856  161.39286   60 2625  159.34305  162.88344  2.22%  73.1 4205s
 146931 127081     cutoff  245       159.34305  162.88330  2.22%  73.1 4210s
 147111 127224  161.37488  116 2325  159.34305  162.88204  2.22%  73.2 4215s
 147294 127407  160.16284  213 2103  159.34305  162.88204  2.22%  73.2 4220s
 147494 127566  161.11485  167 2341  159.34305  162.88186  2.22%  73.2 4225s
 147691 127742  159.79352  189 2002  159.34305  162.88186  2.22%  73.2 4230s
 147820 127857  160.45264   93 2133  159.34305  162.88178  2.22%  73.2 4235s
 147929 127948  159.42906   26 2699  159.34305  162.88134  2.22%  73.2 4242s
 148041 128038     cutoff  164       159.34305  162.88134  2.22%  73.2 4245s
 148243 128232  159.71062  262 1768  159.34305  162.88134  2.22%  73.3 4250s
 148473 128435  161.80831   84 2470  159.34305  162.88134  2.22%  73.2 4255s
 148622 128564  160.56893  117 2336  159.34305  162.88120  2.22%  73.2 4260s
 148798 128691  162.42053   41 2805  159.34305  162.88120  2.22%  73.3 4265s
 149056 128949  159.46753  299 1575  159.34305  162.88120  2.22%  73.2 4270s
 149303 129178  162.24591   45 2745  159.34305  162.88120  2.22%  73.2 4275s
 149501 129376  161.14123  125 2375  159.34305  162.88120  2.22%  73.2 4280s
 149730 129603  160.26860  222 2019  159.34305  162.88120  2.22%  73.2 4285s
 149914 129783  159.54825  284 1866  159.34305  162.88120  2.22%  73.1 4290s
 150086 129932  162.30529   43 2772  159.34305  162.88120  2.22%  73.2 4295s
 150238 130064  161.39673   71 2545  159.34305  162.88120  2.22%  73.2 4300s
 150455 130277  160.37199  180 2007  159.34305  162.88120  2.22%  73.2 4305s
 150688 130474  159.57786  298 1328  159.34305  162.88120  2.22%  73.2 4310s
 150897 130614  159.44402  404  912  159.34305  162.88120  2.22%  73.2 4315s
 151192 130703  159.43554  552  556  159.34305  162.88120  2.22%  73.1 4320s
 151366 130809  161.73124   78 2497  159.34305  162.88120  2.22%  73.2 4325s
 151391 130834  161.25168  103 2292  159.34305  162.88120  2.22%  73.2 4330s
 151591 130997  162.13016   48 2705  159.34305  162.88120  2.22%  73.2 4335s
 151790 131168  160.00707  171 2042  159.34305  162.88120  2.22%  73.2 4340s
 151921 131273  162.30529   44 2885  159.34305  162.88120  2.22%  73.2 4345s
 152120 131469     cutoff  243       159.34305  162.88120  2.22%  73.2 4350s
 152295 131601  161.49794   89 2684  159.34305  162.88055  2.22%  73.3 4355s
 152495 131801  160.45719  207 2195  159.34305  162.88055  2.22%  73.2 4360s
 152697 131979  162.24762   34 2771  159.34305  162.88043  2.22%  73.2 4365s
 152931 132199  159.57823  208 1840  159.34305  162.88009  2.22%  73.2 4370s
 153030 132278  162.01253   62 2528  159.34305  162.87867  2.22%  73.3 4377s
 153144 132392  160.45694  176 2065  159.34305  162.87867  2.22%  73.3 4380s
 153445 132689     cutoff  477       159.34305  162.87867  2.22%  73.2 4385s
 153640 132868  159.39324  169 1896  159.34305  162.87768  2.22%  73.2 4390s
 153759 132930     cutoff   52       159.34305  162.87768  2.22%  73.2 4395s
 153917 133038  162.01067   43 2645  159.34305  162.87754  2.22%  73.3 4400s
 154133 133225  161.83531   71 2673  159.34305  162.87620  2.22%  73.3 4405s
 154317 133409  160.37978  182 2046  159.34305  162.87620  2.22%  73.3 4410s
 154529 133602  161.11361   40 2569  159.34305  162.87603  2.22%  73.3 4415s
 154736 133764  162.41595   41 2784  159.34305  162.87563  2.22%  73.4 4420s
 154982 133990  160.87610  133 2260  159.34305  162.87563  2.22%  73.4 4425s
 155219 134210  162.41595   41 2942  159.34305  162.87563  2.22%  73.4 4430s
 155406 134387  159.86400  172 2193  159.34305  162.87563  2.22%  73.4 4435s
 155580 134531  161.44803   74 2407  159.34305  162.87540  2.22%  73.4 4440s
 155762 134699  162.29679   28 2928  159.34305  162.87502  2.22%  73.4 4445s
 155929 134837  161.52593  163 2172  159.34305  162.87499  2.22%  73.4 4450s
 156159 135067  160.44114  275 1537  159.34305  162.87499  2.22%  73.4 4455s
 156420 135302  159.67659  404 1185  159.34305  162.87499  2.22%  73.4 4460s
 156714 135594  159.55920  652 1057  159.34305  162.87499  2.22%  73.2 4465s
 157054 135932  159.52416  972  638  159.34305  162.87499  2.22%  73.1 4470s
 157298 136174  159.49223 1206  469  159.34305  162.87499  2.22%  73.0 4475s
 157487 136347  159.44691 1325  303  159.34305  162.87499  2.22%  72.9 4480s
 157671 136477     cutoff  181       159.34305  162.87466  2.22%  72.9 4485s
 157816 136604  161.44991   53 2571  159.34305  162.87427  2.22%  73.0 4490s
 158021 136796  159.62333  231 1695  159.34305  162.87426  2.22%  73.0 4495s
 158131 136860  161.97731   49 2585  159.34305  162.87351  2.22%  73.2 4504s
 158182 136911  160.79155  100 2155  159.34305  162.87351  2.22%  73.1 4505s
 158317 137036  161.18210   71 2397  159.34305  162.87315  2.22%  73.2 4510s
 158526 137236  160.59434  176 1807  159.34305  162.87315  2.22%  73.2 4515s
 158756 137426  159.65018  291 1521  159.34305  162.87315  2.22%  73.2 4520s
 158957 137594  159.62404  392 1227  159.34305  162.87315  2.22%  73.2 4525s
 159201 137811  159.69599  202 2056  159.34305  162.87278  2.22%  73.2 4530s
 159370 137969  160.93337  118 2281  159.34305  162.87260  2.22%  73.2 4535s
 159593 138191  159.95022  238 1849  159.34305  162.87260  2.22%  73.2 4540s
 159746 138301  162.00238   52 2719  159.34305  162.87260  2.22%  73.2 4545s
 159885 138415  159.65974   57 2486  159.34305  162.87069  2.21%  73.2 4550s
 160024 138474  162.15716   49 2431  159.34305  162.87069  2.21%  73.3 4555s
 160260 138709  159.79794  285 1403  159.34305  162.87069  2.21%  73.2 4560s
 160610 139054  159.45719  634  790  159.34305  162.87069  2.21%  73.1 4565s
 160881 139286  160.36913   39 2783  159.34305  162.87037  2.21%  73.1 4570s
 161079 139465  159.51683  170 2015  159.34305  162.87001  2.21%  73.1 4575s
 161228 139588  160.78237   61 2228  159.34305  162.86956  2.21%  73.2 4580s
 161256 139601  159.42232   74 2079  159.34305  162.86956  2.21%  73.1 4599s
 161260 139601  162.32655   63 2704  159.34305  162.86798  2.21%  73.2 4600s
 161376 139691  162.43339   33 2835  159.34305  162.86684  2.21%  73.2 4605s
 161564 139879  160.76293  159 2127  159.34305  162.86684  2.21%  73.2 4610s
 161780 140095  159.93354  248 1803  159.34305  162.86684  2.21%  73.1 4615s
 161960 140229  162.20925   59 2458  159.34305  162.86683  2.21%  73.1 4620s
 162127 140357  159.52869   73 2365  159.34305  162.86489  2.21%  73.2 4625s
 162349 140565  159.50979  251 1787  159.34305  162.86489  2.21%  73.2 4630s
 162519 140685  161.04355   76 2383  159.34305  162.86471  2.21%  73.2 4635s
 162759 140899  161.60382  101 2316  159.34305  162.86368  2.21%  73.3 4640s
 162946 141068  160.13825   89 2128  159.34305  162.86368  2.21%  73.3 4645s
 163154 141268  159.98265  218 1976  159.34305  162.86360  2.21%  73.3 4650s
 163232 141344  159.39724  296 1585  159.34305  162.86360  2.21%  73.3 4655s
 163414 141492  161.29005  133 2437  159.34305  162.86349  2.21%  73.3 4660s
 163657 141730  159.84623  264 1886  159.34305  162.86349  2.21%  73.2 4665s
 163862 141894  160.67379   85 2397  159.34305  162.86326  2.21%  73.2 4670s
 164051 142049  159.49015  184 1694  159.34305  162.86136  2.21%  73.2 4675s
 164212 142182  161.53820   40 2720  159.34305  162.86117  2.21%  73.3 4680s
 164334 142260  161.31231   51 2606  159.34305  162.85956  2.21%  73.3 4685s
 164546 142457  159.81353  254 1799  159.34305  162.85899  2.21%  73.3 4690s
 164717 142561  162.32295   73 2650  159.34305  162.85661  2.21%  73.4 4695s
 164928 142755  162.39368   36 2700  159.34305  162.85618  2.20%  73.4 4700s
 165098 142907  161.80075  102 2196  159.34305  162.85535  2.20%  73.4 4705s
 165332 143141  160.61008  237 1690  159.34305  162.85535  2.20%  73.4 4710s
 165543 143325  159.39550  327 1510  159.34305  162.85535  2.20%  73.4 4715s
 165696 143444  161.34371   73 2686  159.34305  162.85500  2.20%  73.5 4720s
 165894 143628  160.09697  172 2216  159.34305  162.85500  2.20%  73.5 4725s
 166066 143757  160.37086   68 2318  159.34305  162.85463  2.20%  73.5 4730s
 166200 143866  160.47725   62 2500  159.34305  162.85323  2.20%  73.5 4735s
 166433 144087  159.77548  337 1613  159.34305  162.85323  2.20%  73.5 4740s
 166614 144251  160.60786  162 2224  159.34305  162.85224  2.20%  73.5 4745s
 166774 144345  160.46013  100 2393  159.34305  162.85224  2.20%  73.6 4750s
 166944 144483  160.23074   83 2320  159.34305  162.85224  2.20%  73.6 4755s
 167119 144645  160.38071  133 2165  159.34305  162.85190  2.20%  73.6 4760s
 167291 144805  159.60144  231 1631  159.34305  162.85190  2.20%  73.6 4765s
 167465 144934  159.40636   88 2102  159.34305  162.85073  2.20%  73.7 4770s
 167697 145160  159.47159  273 1291  159.34305  162.85073  2.20%  73.7 4775s
 167936 145288  162.06250   58 2467  159.34305  162.85058  2.20%  73.7 4780s
 168156 145508  159.48355  278 1915  159.34305  162.85058  2.20%  73.6 4785s
 168309 145609  161.40848   46 2692  159.34305  162.84987  2.20%  73.7 4790s
 168345 145630  161.72344   45 2671  159.34305  162.84952  2.20%  73.7 4795s
 168572 145801  161.48032  189 2180  159.34305  162.84952  2.20%  73.8 4800s
 168773 145994  160.04270  289 1695  159.34305  162.84952  2.20%  73.8 4805s
 168983 146152  159.44668  399 1446  159.34305  162.84952  2.20%  73.8 4810s
 169154 146279  161.28019  192 2006  159.34305  162.84950  2.20%  73.8 4815s
 169427 146548  159.95878  329 1378  159.34305  162.84950  2.20%  73.8 4820s
 169705 146821  159.55605  566 1137  159.34305  162.84950  2.20%  73.7 4825s
 169917 147015  159.48140  745 1020  159.34305  162.84950  2.20%  73.6 4830s
 170247 147336  159.44520 1057  790  159.34305  162.84950  2.20%  73.5 4835s
 170430 147481  161.64110   77 2369  159.34305  162.84813  2.20%  73.5 4840s
 170710 147733     cutoff   81       159.34305  162.84484  2.20%  73.5 4845s
 170918 147926  161.37968   80 2458  159.34305  162.84452  2.20%  73.5 4850s
 171115 148104  159.54388  207 2092  159.34305  162.84400  2.20%  73.5 4855s
 171303 148261  161.58117   77 2578  159.34305  162.84188  2.20%  73.6 4860s
 171526 148471  161.74870   68 2401  159.34305  162.84156  2.20%  73.5 4865s
 171736 148642  162.15380   56 2578  159.34305  162.83834  2.19%  73.6 4870s
 171954 148860  160.88214  176 2245  159.34305  162.83834  2.19%  73.6 4875s
 172179 149081  159.86676  289 1657  159.34305  162.83834  2.19%  73.5 4880s
 172385 149280  159.52814  428 1384  159.34305  162.83834  2.19%  73.5 4885s
 172637 149513  159.55784  285 1648  159.34305  162.83834  2.19%  73.5 4890s
 172861 149709  160.15256   84 2108  159.34305  162.83768  2.19%  73.5 4895s
 173006 149833  162.15235   52 2395  159.34305  162.83762  2.19%  73.5 4900s
 173260 150071  162.22150   51 2406  159.34305  162.83743  2.19%  73.5 4905s
 173410 150199  161.20672  100 2468  159.34305  162.83743  2.19%  73.6 4910s
 173446 150235  161.04808  118 2359  159.34305  162.83743  2.19%  73.6 4915s
 173639 150410  159.99164  214 1993  159.34305  162.83743  2.19%  73.6 4920s
 173834 150565  162.16663   64 2482  159.34305  162.83629  2.19%  73.6 4925s
 173999 150714  160.23855  120 2164  159.34305  162.83620  2.19%  73.6 4930s
 174196 150883  161.79592   68 2485  159.34305  162.83539  2.19%  73.6 4935s
 174379 151066  160.46868  180 2140  159.34305  162.83539  2.19%  73.6 4940s
 174475 151162  160.07840  202 2068  159.34305  162.83539  2.19%  73.6 4945s
 174666 151319  162.21253   52 2703  159.34305  162.83532  2.19%  73.6 4950s
 174813 151435     cutoff   83       159.34305  162.83532  2.19%  73.6 4955s
 174983 151591  159.82268  176 1796  159.34305  162.83429  2.19%  73.7 4960s
 175233 151816  162.05916   51 2417  159.34305  162.83375  2.19%  73.7 4965s
 175425 151988  160.48222  152 2200  159.34305  162.83342  2.19%  73.7 4970s
 175589 152126  162.00739   55 2401  159.34305  162.83263  2.19%  73.7 4975s
 175752 152262  162.28119   49 2631  159.34305  162.83260  2.19%  73.7 4980s
 175935 152412  160.04118  131 2157  159.34305  162.83221  2.19%  73.8 4985s
 176084 152545  160.97495   97 2294  159.34305  162.83193  2.19%  73.8 4990s
 176301 152762  159.90123  195 1824  159.34305  162.83193  2.19%  73.8 4995s
 176444 152862  162.43808   32 2703  159.34305  162.83103  2.19%  73.8 5000s
 176660 153066  161.17513   61 2379  159.34305  162.83057  2.19%  73.8 5007s
 176745 153135  162.37092   32 2804  159.34305  162.82947  2.19%  73.8 5010s
 176885 153228  161.32054   49 2403  159.34305  162.82793  2.19%  73.9 5015s
 177013 153321  162.27175   83 2367  159.34305  162.82738  2.19%  73.9 5020s
 177228 153524  162.03975   47 2486  159.34305  162.82712  2.19%  73.9 5025s
 177454 153738  160.45181  148 2332  159.34305  162.82704  2.19%  73.9 5030s
 177641 153899  161.92492   69 2548  159.34305  162.82513  2.19%  73.9 5035s
 177841 154099  160.49031  186 2071  159.34305  162.82513  2.19%  73.9 5040s
 178009 154261  159.53861  247 1841  159.34305  162.82513  2.19%  73.9 5045s
 178154 154356  161.92237  150 2242  159.34305  162.82496  2.19%  73.9 5050s
 178405 154573  162.09074  147 2334  159.34305  162.82495  2.19%  73.9 5055s
 178535 154680  160.48769   79 2302  159.34305  162.82495  2.19%  73.9 5062s
 178637 154770  160.67095   75 2190  159.34305  162.82387  2.18%  73.9 5065s
 178763 154857  162.06112  152 2311  159.34305  162.82371  2.18%  74.0 5070s
 178968 155038  160.10280  107 2052  159.34305  162.82360  2.18%  74.0 5075s
 179155 155201  160.40201  191 1968  159.34305  162.82349  2.18%  74.1 5080s
 179346 155380  161.84850  110 2382  159.34305  162.82348  2.18%  74.1 5085s
 179551 155585  160.60956  230 1870  159.34305  162.82348  2.18%  74.1 5090s
 179733 155746  159.49029  310 1429  159.34305  162.82348  2.18%  74.0 5095s
 179884 155856  160.67430  114 2294  159.34305  162.82331  2.18%  74.1 5100s
 180059 156003  159.75518  201 2138  159.34305  162.82331  2.18%  74.1 5105s
 180202 156113  161.71698   33 2663  159.34305  162.82136  2.18%  74.1 5110s
 180406 156294  160.46704   56 2417  159.34305  162.82129  2.18%  74.1 5115s
 180638 156511  159.65193  322 1495  159.34305  162.82129  2.18%  74.1 5120s
 180798 156623  161.57229  158 2236  159.34305  162.82122  2.18%  74.2 5125s
 181001 156792  162.32262   63 2645  159.34305  162.82122  2.18%  74.2 5130s
 181209 156995  159.57683  271 1562  159.34305  162.82122  2.18%  74.2 5135s
 181374 157131  162.09636   69 2381  159.34305  162.82122  2.18%  74.2 5140s
 181586 157334  161.32405  147 2237  159.34305  162.82122  2.18%  74.2 5145s
 181787 157534  160.24287  234 1710  159.34305  162.82122  2.18%  74.2 5150s
 181966 157679     cutoff  315       159.34305  162.82122  2.18%  74.1 5155s
 182162 157841  160.34892  178 1812  159.34305  162.82122  2.18%  74.2 5160s
 182351 158000  162.10566   68 2648  159.34305  162.82099  2.18%  74.2 5165s
 182558 158177  161.16654   54 2716  159.34305  162.82099  2.18%  74.2 5170s
 182690 158276  161.77490   37 2775  159.34305  162.82027  2.18%  74.3 5175s
 182847 158422  161.12815   68 2595  159.34305  162.82021  2.18%  74.3 5180s
 183009 158566  160.07964  149 2292  159.34305  162.82021  2.18%  74.4 5185s
 183152 158662     cutoff   69       159.34305  162.82004  2.18%  74.4 5190s
 183355 158865  160.90147  187 2095  159.34305  162.82004  2.18%  74.4 5195s
 183621 159115  159.63702  299 1634  159.34305  162.82004  2.18%  74.4 5200s
 183650 159136  159.49816  312 1556  159.34305  162.82004  2.18%  74.4 5205s
 183804 159261  161.05714  127 2084  159.34305  162.81964  2.18%  74.4 5210s
 184015 159440  159.34337   93 2250  159.34305  162.81964  2.18%  74.4 5215s
 184164 159553  160.31687   97 1772  159.34305  162.81872  2.18%  74.4 5220s
 184381 159740  160.09832  125 2017  159.34305  162.81841  2.18%  74.4 5225s
 184533 159871  161.09610  102 2439  159.34305  162.81693  2.18%  74.5 5230s
 184755 160077  162.11562   39 2520  159.34305  162.81671  2.18%  74.5 5235s
 184873 160182  159.43213  146 2046  159.34305  162.81671  2.18%  74.4 5240s
 184965 160263  160.56637  171 1957  159.34305  162.81615  2.18%  74.5 5245s
 185132 160408  159.54220   50 2467  159.34305  162.81592  2.18%  74.5 5250s
 185305 160563  160.97677  128 2391  159.34305  162.81538  2.18%  74.5 5255s
 185468 160726  160.02502  210 1980  159.34305  162.81538  2.18%  74.5 5260s
 185695 160938  159.45249  324 1516  159.34305  162.81538  2.18%  74.4 5265s
 185849 161041  161.09841  188 1884  159.34305  162.81522  2.18%  74.5 5270s
 186103 161257  162.09168  140 2325  159.34305  162.81522  2.18%  74.5 5275s
 186310 161428     cutoff  270       159.34305  162.81506  2.18%  74.5 5280s
 186412 161494  159.52699  173 2125  159.34305  162.81450  2.18%  74.6 5285s
 186574 161626  161.21746  101 2261  159.34305  162.81350  2.18%  74.6 5290s
 186749 161773     cutoff  251       159.34305  162.81350  2.18%  74.6 5295s
 186917 161918  159.85986  217 1746  159.34305  162.81122  2.18%  74.6 5300s
 187101 162076  161.60759   61 2312  159.34305  162.81122  2.18%  74.6 5305s
 187400 162374  159.51551  360 1259  159.34305  162.81122  2.18%  74.5 5310s
 187577 162519  161.03546  127 2294  159.34305  162.81097  2.18%  74.5 5315s
 187762 162704  160.02777  217 1769  159.34305  162.81097  2.18%  74.5 5320s
 187975 162905  159.58942  337 1470  159.34305  162.81097  2.18%  74.4 5325s
 188163 163059  159.88392  111 2313  159.34305  162.81065  2.18%  74.4 5330s
 188349 163204  161.05775   68 2258  159.34305  162.81030  2.18%  74.5 5335s
 188515 163338  160.89721   66 2404  159.34305  162.80978  2.18%  74.5 5340s
 188711 163511  162.07979  146 2301  159.34305  162.80951  2.18%  74.6 5345s
 188745 163545  161.30784  180 1931  159.34305  162.80951  2.18%  74.6 5350s
 188870 163650  160.01410   55 2522  159.34305  162.80942  2.18%  74.6 5355s
 188927 163674  161.48635  161 2130  159.34305  162.80942  2.18%  74.6 5372s
 188989 163720  161.99366  149 2240  159.34305  162.80923  2.18%  74.7 5375s
 189208 163939  160.49100  262 1784  159.34305  162.80923  2.18%  74.6 5380s
 189412 164123  160.90547   62 2547  159.34305  162.80923  2.18%  74.6 5385s
 189630 164329  159.86563  215 1737  159.34305  162.80923  2.18%  74.6 5390s
 189807 164490  162.08858   66 2487  159.34305  162.80923  2.18%  74.6 5395s
 190030 164710  160.74411  177 1895  159.34305  162.80923  2.18%  74.6 5400s
 190240 164890  159.81878  284 1352  159.34305  162.80923  2.18%  74.6 5405s
 190459 165085  159.61445  394  945  159.34305  162.80923  2.18%  74.6 5410s
 190707 165228  159.40890  518  760  159.34305  162.80923  2.18%  74.6 5415s
 190910 165403  159.81639  225 1834  159.34305  162.80855  2.17%  74.5 5420s
 191084 165548  160.69577  183 2148  159.34305  162.80767  2.17%  74.6 5425s
 191286 165714  160.80114  133 2319  159.34305  162.80755  2.17%  74.6 5430s
 191439 165829     cutoff  116       159.34305  162.80755  2.17%  74.6 5435s
 191618 165980  162.03161  127 2538  159.34305  162.80740  2.17%  74.7 5440s
 191779 166141  160.82847  203 1812  159.34305  162.80740  2.17%  74.6 5445s
 191997 166352  159.86060  324 1316  159.34305  162.80740  2.17%  74.7 5450s
 192253 166588  159.48756  487 1141  159.34305  162.80740  2.17%  74.6 5455s
 192588 166917  159.43886  782  655  159.34305  162.80740  2.17%  74.5 5460s
 192855 167180  159.43886 1007  571  159.34305  162.80740  2.17%  74.4 5465s
 193165 167490  159.43886 1285  217  159.34305  162.80740  2.17%  74.3 5470s
 193398 167685     cutoff   49       159.34305  162.80740  2.17%  74.2 5475s
 193591 167853  159.86152  183 2093  159.34305  162.80695  2.17%  74.3 5480s
 193772 168002  160.56116  129 2042  159.34305  162.80641  2.17%  74.3 5485s
 193838 168058  159.41667  186 1748  159.34305  162.80641  2.17%  74.3 5490s
 193963 168121  162.34938   36 2748  159.34305  162.80471  2.17%  74.4 5495s
 194079 168186  161.09620   47 2643  159.34305  162.80378  2.17%  74.4 5500s
 194243 168334  159.66111  104 2303  159.34305  162.80350  2.17%  74.4 5505s
 194395 168472  161.09721  128 2281  159.34305  162.80238  2.17%  74.4 5510s
 194601 168678  160.01300  230 2070  159.34305  162.80238  2.17%  74.4 5515s
 194812 168858  159.45258  113 2265  159.34305  162.80238  2.17%  74.4 5520s
 195049 169062  161.75298   75 2432  159.34305  162.80120  2.17%  74.4 5525s
 195248 169222  160.99666   91 2350  159.34305  162.80053  2.17%  74.4 5530s
 195469 169433  159.59687  241 1804  159.34305  162.79993  2.17%  74.4 5535s
 195664 169604  160.21630  171 2272  159.34305  162.79954  2.17%  74.4 5540s
 195799 169724  160.61099  173 2144  159.34305  162.79873  2.17%  74.4 5545s
 195925 169796  159.51387  198 1902  159.34305  162.79873  2.17%  74.4 5550s
 196120 169985  159.43954  220 1765  159.34305  162.79851  2.17%  74.4 5555s
 196339 170191  160.82731  166 1986  159.34305  162.79842  2.17%  74.4 5560s
 196544 170395  160.10467  242 1777  159.34305  162.79842  2.17%  74.4 5565s
 196803 170647  159.61842  427 1511  159.34305  162.79842  2.17%  74.4 5570s
 197024 170826  162.21447   67 2559  159.34305  162.79841  2.17%  74.3 5575s
 197300 171102  159.46608  343 1251  159.34305  162.79841  2.17%  74.3 5580s
 197492 171265  160.91183  133 2096  159.34305  162.79834  2.17%  74.3 5585s
 197695 171450  160.58997   59 2481  159.34305  162.79800  2.17%  74.3 5590s
 197912 171654  159.70553  197 1889  159.34305  162.79778  2.17%  74.3 5595s
 198107 171817  161.40879   87 2180  159.34305  162.79691  2.17%  74.3 5600s
 198252 171958  161.01171  160 2029  159.34305  162.79691  2.17%  74.4 5605s
 198458 172156  160.12147  263 1637  159.34305  162.79691  2.17%  74.4 5610s
 198618 172274  161.08529   86 2231  159.34305  162.79621  2.17%  74.4 5615s
 198819 172455  162.02504   79 2592  159.34305  162.79602  2.17%  74.4 5620s
 198939 172575  161.50323  119 2303  159.34305  162.79602  2.17%  74.4 5628s
 198993 172629  161.09827  156 2205  159.34305  162.79602  2.17%  74.4 5630s
 199219 172855  160.13701  230 1944  159.34305  162.79602  2.17%  74.4 5635s
 199353 172989  159.63163  269 1656  159.34305  162.79602  2.17%  74.4 5640s
 199462 173056  162.33424   44 2549  159.34305  162.79559  2.17%  74.4 5645s
 199689 173257     cutoff   71       159.34305  162.79547  2.17%  74.4 5650s
 199895 173430  160.13641  181 1940  159.34305  162.79545  2.17%  74.4 5655s
 200062 173562  161.01874  105 2115  159.34305  162.79526  2.17%  74.5 5660s
 200242 173716  162.24638   79 2584  159.34305  162.79386  2.17%  74.5 5665s
 200471 173931  159.76200  148 1840  159.34305  162.79349  2.17%  74.5 5670s
 200657 174076  160.81994   94 2516  159.34305  162.79331  2.17%  74.5 5675s
 200877 174295  159.77015  204 1854  159.34305  162.79331  2.17%  74.5 5680s
 201056 174437  159.83711  148 2120  159.34305  162.79326  2.17%  74.5 5685s
 201255 174580  161.05407  114 2378  159.34305  162.79301  2.17%  74.6 5690s
 201471 174779  159.45861  131 1953  159.34305  162.79252  2.16%  74.6 5695s
 201651 174931  161.30639  177 2369  159.34305  162.79166  2.16%  74.6 5700s
 201856 175124  159.83877  279 1744  159.34305  162.79166  2.16%  74.6 5705s
 202024 175238  159.73472   69 2498  159.34305  162.79144  2.16%  74.6 5710s
 202202 175392  161.27365  104 2591  159.34305  162.78985  2.16%  74.6 5716s
 202311 175483  161.01826   91 2387  159.34305  162.78985  2.16%  74.7 5720s
 202503 175653  162.11493   47 2650  159.34305  162.78985  2.16%  74.7 5725s
 202653 175791  161.37316  110 2390  159.34305  162.78970  2.16%  74.7 5730s
 202828 175966  160.50763  202 2034  159.34305  162.78970  2.16%  74.7 5735s
 203040 176165  159.39878  336 1655  159.34305  162.78970  2.16%  74.6 5740s
 203203 176260  160.46234   51 2498  159.34305  162.78947  2.16%  74.7 5745s
 203371 176380  161.93784   42 2557  159.34305  162.78917  2.16%  74.8 5750s
 203617 176626  159.40044  288 1397  159.34305  162.78917  2.16%  74.7 5755s
 203816 176787  161.07541  105 2192  159.34305  162.78888  2.16%  74.7 5760s
 204040 176993  161.25001   58 2435  159.34305  162.78876  2.16%  74.7 5769s
 204079 177025  159.55493   89 2244  159.34305  162.78876  2.16%  74.7 5771s
 204149 177076  159.60511   90 2455  159.34305  162.78876  2.16%  74.7 5775s
 204310 177215  160.03818  126 2418  159.34305  162.78876  2.16%  74.8 5780s
 204470 177349  161.12913   42 2742  159.34305  162.78863  2.16%  74.8 5785s
 204614 177475  161.14402   87 2431  159.34305  162.78862  2.16%  74.8 5790s
 204807 177660  159.89293  183 2089  159.34305  162.78862  2.16%  74.8 5795s
 204976 177784  161.20182   84 2473  159.34305  162.78731  2.16%  74.9 5800s
 205185 177979  159.79686   95 2126  159.34305  162.78731  2.16%  74.9 5805s
 205335 178073  160.31971   59 2506  159.34305  162.78564  2.16%  74.9 5810s
 205519 178224  159.85702  268 1784  159.34305  162.78564  2.16%  74.9 5815s
 205682 178349  161.09583   63 2229  159.34305  162.78543  2.16%  75.0 5820s
 205900 178544  160.12157  116 2241  159.34305  162.78543  2.16%  74.9 5825s
 206089 178723  160.84441  107 2314  159.34305  162.78533  2.16%  75.0 5830s
 206296 178928  159.84411  220 1711  159.34305  162.78533  2.16%  74.9 5835s
 206482 179078  160.92359   58 2706  159.34305  162.78532  2.16%  74.9 5840s
 206720 179293  159.59590  302 1694  159.34305  162.78487  2.16%  74.9 5845s
 206940 179489  160.97637  103 2338  159.34305  162.78480  2.16%  74.9 5850s
 207099 179626  161.96636   43 2678  159.34305  162.78480  2.16%  74.9 5855s
 207291 179785  161.40118   45 2502  159.34305  162.78441  2.16%  75.0 5860s
 207424 179881  161.39228   41 2583  159.34305  162.78405  2.16%  75.0 5865s
 207629 180066  160.50472  100 2267  159.34305  162.78399  2.16%  75.0 5870s
 207823 180229  159.83099  199 1866  159.34305  162.78399  2.16%  75.0 5875s
 207962 180344  159.48675  270 1569  159.34305  162.78399  2.16%  75.0 5880s
 208159 180511  161.56200   92 2364  159.34305  162.78393  2.16%  75.0 5885s
 208337 180689  160.46294  196 1875  159.34305  162.78393  2.16%  75.0 5890s
 208525 180840  161.65083   62 2719  159.34305  162.78382  2.16%  75.0 5895s
 208715 181012  159.54667  153 1862  159.34305  162.78381  2.16%  75.1 5900s
 208920 181173  159.58291  102 2360  159.34305  162.78380  2.16%  75.1 5905s
 209116 181351  159.47642  208 1884  159.34305  162.78367  2.16%  75.1 5910s
 209141 181364  161.99532   57 2785  159.34305  162.78366  2.16%  75.1 5915s
 209309 181494  160.22829   82 2551  159.34305  162.78343  2.16%  75.1 5920s
 209497 181658  160.36583  122 2246  159.34305  162.78303  2.16%  75.1 5925s
 209657 181782  161.77580   88 2435  159.34305  162.78295  2.16%  75.2 5930s
 209830 181955  160.64411  179 2218  159.34305  162.78295  2.16%  75.2 5935s
 210062 182178  159.66098  281 1762  159.34305  162.78295  2.16%  75.1 5940s
 210275 182372  159.53292   43 2516  159.34305  162.78226  2.16%  75.1 5945s
 210496 182561  161.22581   60 2656  159.34305  162.78218  2.16%  75.1 5950s
 210722 182764  159.51167  224 1576  159.34305  162.78196  2.16%  75.1 5957s
 210791 182813     cutoff   61       159.34305  162.78164  2.16%  75.2 5960s
 210940 182930  162.15059   71 2549  159.34305  162.78087  2.16%  75.2 5965s
 211094 183060  162.09014   72 2386  159.34305  162.78047  2.16%  75.2 5970s
 211285 183239  160.25271  188 2063  159.34305  162.78006  2.16%  75.3 5975s
 211421 183359  161.83889   42 2600  159.34305  162.77999  2.16%  75.3 6021s
 211456 183394  161.61141   66 2505  159.34305  162.77999  2.16%  75.3 6025s
 211580 183518  160.66687  126 2318  159.34305  162.77999  2.16%  75.2 6030s
 211790 183714  159.53590  231 1642  159.34305  162.77999  2.16%  75.2 6035s
 211927 183797  162.44512   39 2814  159.34305  162.77997  2.16%  75.2 6040s
 212050 183903  159.44907   78 2306  159.34305  162.77979  2.16%  75.3 6045s
 212234 184058  162.39542   34 2763  159.34305  162.77905  2.16%  75.3 6050s
 212419 184223     cutoff  179       159.34305  162.77889  2.16%  75.3 6055s
 212580 184348  161.10798   61 2599  159.34305  162.77805  2.16%  75.4 6060s
 212789 184503  161.81204   92 2501  159.34305  162.77805  2.16%  75.4 6065s
 212994 184708  160.25448  206 2015  159.34305  162.77805  2.16%  75.4 6070s
 213200 184876  159.43717  113 2119  159.34305  162.77761  2.16%  75.4 6075s
 213425 185078  160.70874   65 2475  159.34305  162.77749  2.16%  75.4 6080s
 213594 185209  160.05456  117 2342  159.34305  162.77693  2.16%  75.4 6085s
 213739 185317  161.33479   67 2252  159.34305  162.77693  2.16%  75.4 6090s
 213930 185478  159.76160   64 2203  159.34305  162.77656  2.15%  75.5 6095s
 214166 185696  159.60814  259 1586  159.34305  162.77651  2.15%  75.5 6100s
 214242 185771  159.45275  335 1280  159.34305  162.77651  2.15%  75.4 6106s
 214343 185837  160.19685  106 2308  159.34305  162.77651  2.15%  75.5 6110s
 214533 186012  161.13415  138 2190  159.34305  162.77651  2.15%  75.5 6115s
 214816 186285  159.84043  290 1613  159.34305  162.77651  2.15%  75.5 6120s
 214984 186439  159.43191  367 1331  159.34305  162.77651  2.15%  75.4 6125s
 215103 186528  161.05541  113 2349  159.34305  162.77620  2.15%  75.4 6130s
 215349 186762  160.84237  101 2375  159.34305  162.77601  2.15%  75.4 6135s
 215560 186924  159.37850  232 1646  159.34305  162.77581  2.15%  75.4 6140s
 215729 187039     cutoff   70       159.34305  162.77526  2.15%  75.5 6145s
 215946 187204     cutoff  212       159.34305  162.77389  2.15%  75.5 6150s
 216145 187382  161.10836   79 2605  159.34305  162.77389  2.15%  75.5 6155s
 216315 187489     cutoff  136       159.34305  162.77389  2.15%  75.5 6160s
 216486 187642  161.66514  111 2257  159.34305  162.77389  2.15%  75.5 6165s
 216694 187850  160.29384  223 1646  159.34305  162.77389  2.15%  75.5 6170s
 216968 188113  159.65500  394 1403  159.34305  162.77389  2.15%  75.5 6175s
 217213 188336  159.41419  563 1021  159.34305  162.77389  2.15%  75.4 6180s
 217378 188473  161.88614  106 2519  159.34305  162.77389  2.15%  75.5 6185s
 217598 188683  160.69670  216 2278  159.34305  162.77389  2.15%  75.5 6190s
 217787 188850  159.66440  310 1823  159.34305  162.77389  2.15%  75.5 6195s
 218006 189018  160.23863  182 1807  159.34305  162.77389  2.15%  75.5 6200s
 218149 189134  161.79947   66 2407  159.34305  162.77364  2.15%  75.5 6205s
 218292 189260  162.28429   56 2549  159.34305  162.77338  2.15%  75.5 6211s
 218353 189321  160.07424   72 2266  159.34305  162.77338  2.15%  75.5 6215s
 218553 189475     cutoff  146       159.34305  162.77312  2.15%  75.5 6220s
 218724 189600  160.08182  130 2160  159.34305  162.77295  2.15%  75.5 6225s
 218919 189767  160.78339   90 2422  159.34305  162.77270  2.15%  75.5 6230s
 219121 189951  160.21636  178 2073  159.34305  162.77264  2.15%  75.6 6235s
 219309 190118  159.41582  253 1659  159.34305  162.77264  2.15%  75.5 6240s
 219343 190136  160.24564  142 2200  159.34305  162.77195  2.15%  75.6 6245s
 219478 190220  161.90487   75 2376  159.34305  162.77128  2.15%  75.6 6250s
 219693 190409  160.03836  134 2121  159.34305  162.77025  2.15%  75.6 6255s
 219905 190570  159.43272  273 1687  159.34305  162.77025  2.15%  75.6 6260s
 220022 190647  161.66325   73 2317  159.34305  162.76990  2.15%  75.7 6265s
 220173 190787  161.58715   91 2519  159.34305  162.76990  2.15%  75.7 6270s
 220201 190806  160.01801  101 2272  159.34305  162.76990  2.15%  75.7 6275s
 220345 190897  159.92166  146 2057  159.34305  162.76987  2.15%  75.7 6280s
 220545 191079  160.54330  180 2154  159.34305  162.76977  2.15%  75.7 6285s
 220753 191282  159.61690  281 1510  159.34305  162.76977  2.15%  75.7 6290s
 220955 191432  162.28716   50 2727  159.34305  162.76977  2.15%  75.7 6295s
 221209 191686  159.40570  304 1700  159.34305  162.76977  2.15%  75.7 6300s
 221399 191805  160.72287   86 2290  159.34305  162.76902  2.15%  75.7 6305s
 221608 191995  160.06115  174 1897  159.34305  162.76837  2.15%  75.7 6310s
 221848 192178  159.35415   96 2071  159.34305  162.76837  2.15%  75.7 6315s
 221982 192265  161.41308   99 2380  159.34305  162.76805  2.15%  75.8 6320s
 222212 192473  162.30137   86 2483  159.34305  162.76792  2.15%  75.8 6325s
 222307 192568  161.77899  123 2259  159.34305  162.76792  2.15%  75.8 6330s
 222599 192860  160.84446  223 2084  159.34305  162.76792  2.15%  75.7 6335s
 222755 193016  160.64187  245 1912  159.34305  162.76792  2.15%  75.7 6340s
 222903 193164  160.52606  252 1815  159.34305  162.76792  2.15%  75.7 6345s
 222982 193243  160.39492  256 1824  159.34305  162.76792  2.15%  75.7 6350s
 223207 193466  159.92859  273 1807  159.34305  162.76792  2.15%  75.7 6355s
 223462 193712  159.61298  341 1461  159.34305  162.76792  2.15%  75.6 6360s
 223590 193800  159.43101  380 1360  159.34305  162.76792  2.15%  75.6 6365s
 223813 193966  161.68522   37 2677  159.34305  162.76632  2.15%  75.6 6370s
 224017 194132  160.45855  116 2295  159.34305  162.76555  2.15%  75.6 6375s
 224231 194294  160.04501  125 2168  159.34305  162.76555  2.15%  75.6 6380s
 224444 194477  159.84191  200 1804  159.34305  162.76537  2.15%  75.6 6388s
 224484 194485     cutoff  211       159.34305  162.76537  2.15%  75.6 6390s
 224660 194643  160.74605  137 2305  159.34305  162.76527  2.15%  75.7 6395s
 224899 194847  159.73679  257 1575  159.34305  162.76527  2.15%  75.7 6400s
 225099 195001     cutoff  358       159.34305  162.76527  2.15%  75.7 6405s
 225140 195036  159.50563  379 1194  159.34305  162.76527  2.15%  75.7 6410s
 225399 195209  160.89883   83 2433  159.34305  162.76527  2.15%  75.7 6415s
 225557 195296  161.09824   93 2456  159.34305  162.76495  2.15%  75.7 6420s
 225731 195376  161.19937   69 2435  159.34305  162.76467  2.15%  75.7 6425s
 225983 195598  161.46019  139 2115  159.34305  162.76443  2.15%  75.7 6430s
 226270 195885  160.80841  209 2120  159.34305  162.76443  2.15%  75.7 6435s
 226374 195989  160.69474  212 1992  159.34305  162.76443  2.15%  75.7 6440s
 226555 196170  159.91889  246 1753  159.34305  162.76443  2.15%  75.7 6446s
 226768 196383  159.62083  326 1554  159.34305  162.76443  2.15%  75.7 6450s
 226918 196456  159.43895  110 2033  159.34305  162.76385  2.15%  75.7 6455s
 227030 196450  161.65795   56 2626  159.34305  162.76325  2.15%  75.8 6460s
 227260 196646  159.88807   75 2389  159.34305  162.76325  2.15%  75.8 6465s
 227543 196760  159.55389  104 2209  159.34305  162.76325  2.15%  75.7 6470s
 227698 196788  160.88663   51 2567  159.34305  162.76291  2.15%  75.7 6475s
 227870 196891  162.23783   52 2481  159.34305  162.76278  2.15%  75.8 6480s
 228116 197060  162.26183   52 2631  159.34305  162.76278  2.15%  75.8 6485s
 228359 197262  159.76028  193 1794  159.34305  162.76278  2.15%  75.8 6490s
 228547 197353  159.49505   79 2143  159.34305  162.76278  2.15%  75.8 6495s
 228700 197427  160.10108   67 2406  159.34305  162.76278  2.15%  75.8 6500s
 228894 197522  161.98347   65 2443  159.34305  162.76278  2.15%  75.8 6505s
 228996 197624  161.71658   86 2288  159.34305  162.76278  2.15%  75.8 6510s
 229060 197688  161.61012   90 2243  159.34305  162.76278  2.15%  75.8 6515s
 229362 197988  160.75287  170 2044  159.34305  162.76278  2.15%  75.8 6520s
 229545 198171  160.61621  191 1939  159.34305  162.76278  2.15%  75.8 6527s
 229669 198295  160.24600  216 1730  159.34305  162.76278  2.15%  75.8 6530s
 229910 198529  159.69696  253 1603  159.34305  162.76278  2.15%  75.7 6535s
 230031 198650  159.59833  287 1360  159.34305  162.76278  2.15%  75.7 6541s
 230133 198725  159.43403  295 1314  159.34305  162.76278  2.15%  75.7 6545s
 230343 198847  159.38459  171 1871  159.34305  162.76278  2.15%  75.7 6550s
 230479 198872  159.46652   88 2061  159.34305  162.76223  2.15%  75.7 6555s
 230635 198987  160.80309  142 2235  159.34305  162.76178  2.15%  75.7 6560s
 230885 199209  160.01183  267 1781  159.34305  162.76178  2.15%  75.7 6565s
 231074 199322  162.19115   83 2354  159.34305  162.76150  2.15%  75.7 6570s
 231233 199471  159.85614   94 2152  159.34305  162.76150  2.15%  75.7 6575s
 231372 199567  159.48707   99 2077  159.34305  162.76150  2.15%  75.7 6580s
 231551 199647  161.19880   89 2187  159.34305  162.76150  2.15%  75.8 6585s
 231814 199830  159.49802   91 2274  159.34305  162.76150  2.15%  75.8 6590s
 232008 199957     cutoff  187       159.34305  162.76150  2.15%  75.8 6595s
 232209 200076  159.69399  135 2205  159.34305  162.76131  2.15%  75.8 6600s
 232371 200180  159.45476  156 2066  159.34305  162.76131  2.15%  75.8 6605s
 232621 200390  161.12962  144 2188  159.34305  162.76131  2.15%  75.8 6610s
 232757 200526  161.01001  165 2100  159.34305  162.76131  2.15%  75.8 6615s
 233002 200771  160.53176  211 1825  159.34305  162.76131  2.15%  75.8 6620s
 233290 201059  159.96513  249 1484  159.34305  162.76131  2.15%  75.8 6625s
 233584 201320  159.70669  328 1312  159.34305  162.76131  2.15%  75.7 6630s
 233810 201519  159.55277  106 2039  159.34305  162.76131  2.15%  75.7 6635s
 233987 201596  162.26629   69 2555  159.34305  162.76106  2.15%  75.7 6640s
 234139 201642  159.36622  128 1803  159.34305  162.76106  2.15%  75.8 6645s
 234379 201844  162.13918   70 2595  159.34305  162.76063  2.14%  75.8 6650s
 234540 201934  160.98180   45 2558  159.34305  162.76063  2.14%  75.8 6655s
 234646 202038  161.90936   54 2600  159.34305  162.76063  2.14%  75.8 6661s
 234700 202092  161.05961   54 2513  159.34305  162.76063  2.14%  75.8 6665s
 234810 202202  160.65534   60 2391  159.34305  162.76063  2.14%  75.8 6670s
 234945 202329  161.41916   58 2473  159.34305  162.76063  2.14%  75.8 6675s
 234955 202339  161.04111   62 2518  159.34305  162.76063  2.14%  75.8 6680s
 235151 202463  159.85548   82 2369  159.34305  162.76063  2.14%  75.8 6685s
 235354 202559  159.45857   92 2121  159.34305  162.76063  2.14%  75.8 6690s
 235500 202597  160.51192   84 2387  159.34305  162.76020  2.14%  75.8 6695s
 235693 202690     cutoff  104       159.34305  162.76006  2.14%  75.8 6700s
 235731 202682  162.27859   43 2730  159.34305  162.76006  2.14%  75.8 6711s
 235835 202786  160.06908  147 2049  159.34305  162.76006  2.14%  75.8 6715s
 236074 202977  161.80825   82 2423  159.34305  162.75981  2.14%  75.8 6720s
 236348 203251  160.96092  155 2108  159.34305  162.75981  2.14%  75.8 6725s
 236599 203502  160.45756  195 1950  159.34305  162.75981  2.14%  75.8 6730s
 236896 203794  159.98924  243 1727  159.34305  162.75981  2.14%  75.8 6735s
 237047 203945  159.51485  282 1527  159.34305  162.75981  2.14%  75.8 6740s
 237178 204059  159.42605  312 1396  159.34305  162.75981  2.14%  75.7 6745s
 237406 204236     cutoff  226       159.34305  162.75981  2.14%  75.7 6750s
 237585 204261  159.74958   84 2253  159.34305  162.75977  2.14%  75.7 6755s
 237757 204367  160.54612  182 2041  159.34305  162.75977  2.14%  75.8 6760s
 237983 204504  162.21486   83 2544  159.34305  162.75915  2.14%  75.8 6765s
 238172 204573  162.22367   69 2540  159.34305  162.75910  2.14%  75.8 6770s
 238335 204677  161.62287   84 2417  159.34305  162.75910  2.14%  75.8 6775s
 238558 204806  162.29272   57 2683  159.34305  162.75760  2.14%  75.8 6780s
 238697 204943  161.42754   69 2529  159.34305  162.75760  2.14%  75.8 6785s
 238804 205030  159.88698   77 2389  159.34305  162.75760  2.14%  75.8 6790s
 238900 205083  160.37308   79 2475  159.34305  162.75760  2.14%  75.8 6795s
 239027 205139  159.66889   85 2305  159.34305  162.75760  2.14%  75.8 6800s
 239170 205198  160.61007   90 2417  159.34305  162.75600  2.14%  75.8 6805s
 239359 205324  159.45311   77 2401  159.34305  162.75579  2.14%  75.8 6810s
 239594 205529  160.45620  116 2278  159.34305  162.75562  2.14%  75.8 6815s
 239747 205682  160.03205  142 2192  159.34305  162.75562  2.14%  75.8 6822s
 239875 205810  159.79981  173 1967  159.34305  162.75562  2.14%  75.8 6825s
 240021 205919  162.27703   55 2473  159.34305  162.75562  2.14%  75.8 6830s
 240160 205966  159.41432   83 2072  159.34305  162.75562  2.14%  75.9 6835s
 240357 206064  160.05891  157 1912  159.34305  162.75448  2.14%  75.9 6840s
 240476 206091  161.29404   55 2474  159.34305  162.75438  2.14%  75.9 6845s
 240628 206136  162.14802   60 2466  159.34305  162.75432  2.14%  75.9 6850s
 240844 206310  159.71422   81 2250  159.34305  162.75420  2.14%  75.9 6855s
 240999 206422  161.81698   53 2333  159.34305  162.75405  2.14%  75.9 6860s
 241225 206534  161.78300   77 2393  159.34305  162.75396  2.14%  75.9 6865s
 241357 206618  160.77485   53 2511  159.34305  162.75347  2.14%  75.9 6870s
 241449 206706  160.76093   64 2396  159.34305  162.75347  2.14%  75.9 6875s
 241603 206778     cutoff   76       159.34305  162.75347  2.14%  75.9 6880s
 241786 206909  160.21733   84 2087  159.34305  162.75347  2.14%  76.0 6885s
 242020 207055  159.43542  107 1972  159.34305  162.75347  2.14%  75.9 6890s
 242245 207252  160.77382   85 2340  159.34305  162.75347  2.14%  75.9 6895s
 242423 207430  160.30845  115 2277  159.34305  162.75347  2.14%  75.9 6900s
 242584 207591  160.13476  135 2312  159.34305  162.75347  2.14%  75.9 6905s
 242827 207834  159.68642  209 1958  159.34305  162.75347  2.14%  75.9 6910s
 243009 207944  160.97866   85 2202  159.34305  162.75327  2.14%  75.9 6915s
 243240 208098  161.08034   89 2318  159.34305  162.75273  2.14%  75.9 6920s
 243459 208273  159.81966   67 2206  159.34305  162.75273  2.14%  75.9 6925s
 243617 208349  160.71460  119 2098  159.34305  162.75260  2.14%  75.9 6930s
 243805 208464  159.48522  100 2245  159.34305  162.75260  2.14%  75.9 6935s
 243979 208547  160.48428  155 2052  159.34305  162.75225  2.14%  76.0 6940s
 244193 208719 infeasible  122       159.34305  162.75199  2.14%  76.0 6945s
 244354 208847     cutoff  184       159.34305  162.75188  2.14%  76.0 6950s
 244503 208889  159.64745   97 2315  159.34305  162.75188  2.14%  76.0 6956s
 244558 208891  161.87818   46 2639  159.34305  162.75183  2.14%  76.0 6960s
 244754 209087  161.02333  103 2364  159.34305  162.75183  2.14%  76.0 6965s
 244848 209181  160.77456  120 2289  159.34305  162.75183  2.14%  76.0 6970s
 245084 209417  160.28490  180 2120  159.34305  162.75183  2.14%  76.0 6975s
 245175 209508  160.17488  183 2053  159.34305  162.75183  2.14%  76.0 6980s
 245378 209711  159.93035  212 1979  159.34305  162.75183  2.14%  76.0 6985s
 245608 209938  159.60074  235 1916  159.34305  162.75183  2.14%  76.0 6990s
 245773 210050  159.71111  174 1953  159.34305  162.75183  2.14%  76.0 6995s
 245966 210175  159.71147  187 1990  159.34305  162.75183  2.14%  76.0 7000s
 246187 210224  159.56290  210 1992  159.34305  162.75183  2.14%  76.0 7005s
 246389 210362  159.54901  312 1468  159.34305  162.75145  2.14%  76.0 7010s
 246641 210430  162.21660   46 2617  159.34305  162.75085  2.14%  76.0 7015s
 246886 210675  159.57119  291 1531  159.34305  162.75085  2.14%  75.9 7020s
 247129 210894  159.60957  108 2524  159.34305  162.75075  2.14%  75.9 7025s
 247278 211018     cutoff  183       159.34305  162.75075  2.14%  75.9 7030s
 247444 211036  159.43574  131 2251  159.34305  162.75029  2.14%  75.9 7035s
 247609 211112     cutoff  102       159.34305  162.75010  2.14%  75.9 7040s
 247809 211248  162.08809   39 2674  159.34305  162.74953  2.14%  75.9 7045s
 247974 211338     cutoff  173       159.34305  162.74938  2.14%  76.0 7050s
 248198 211504  161.65998   99 2499  159.34305  162.74929  2.14%  76.0 7055s
 248316 211622  161.38395  131 2497  159.34305  162.74929  2.14%  76.0 7060s
 248420 211726  161.16379  149 2311  159.34305  162.74929  2.14%  75.9 7065s
 248682 211988  160.69685  196 2044  159.34305  162.74929  2.14%  75.9 7070s
 248914 212220  160.43312  214 1941  159.34305  162.74929  2.14%  75.9 7075s
 249142 212446  160.15255  249 1731  159.34305  162.74929  2.14%  75.9 7080s
 249410 212708  159.57147  313 1617  159.34305  162.74929  2.14%  75.9 7085s
 249570 212866  159.44947  357 1510  159.34305  162.74929  2.14%  75.8 7090s
 249758 213020  160.25198  179 2054  159.34305  162.74929  2.14%  75.8 7095s
 249949 213209  159.45162  369 1338  159.34305  162.74929  2.14%  75.8 7102s
 250077 213275  159.40459  437 1195  159.34305  162.74929  2.14%  75.8 7105s
 250185 213325  161.39784   61 2620  159.34305  162.74857  2.14%  75.8 7110s
 250357 213467 infeasible   63       159.34305  162.74857  2.14%  75.8 7115s
 250512 213500  159.36342   76 2245  159.34305  162.74857  2.14%  75.8 7120s
 250649 213573  159.48646  114 1890  159.34305  162.74819  2.14%  75.8 7125s
 250773 213639  160.30961  154 2368  159.34305  162.74715  2.14%  75.9 7130s
 250936 213726  159.79089   84 2221  159.34305  162.74709  2.14%  75.9 7135s
 251078 213750  161.96197   53 2391  159.34305  162.74693  2.14%  75.9 7140s
 251278 213902     cutoff  210       159.34305  162.74693  2.14%  75.9 7145s
 251428 213955  162.26658   47 2782  159.34305  162.74659  2.14%  75.9 7150s
 251635 214122  159.68560   80 2483  159.34305  162.74649  2.14%  75.9 7155s
 251797 214140  162.15659   57 2427  159.34305  162.74601  2.14%  75.9 7160s
 252043 214386  161.18145  122 2061  159.34305  162.74601  2.14%  75.9 7165s
 252268 214611  160.49263  182 1868  159.34305  162.74601  2.14%  75.9 7170s
 252492 214835  159.94089  234 1689  159.34305  162.74601  2.14%  75.8 7175s
 252569 214904  159.77979  240 1627  159.34305  162.74601  2.14%  75.8 7180s
 252734 215001     cutoff  272       159.34305  162.74601  2.14%  75.8 7185s
 252867 215063  160.43659   80 2412  159.34305  162.74593  2.14%  75.9 7190s
 253083 215271  160.39791  188 2075  159.34305  162.74593  2.14%  75.9 7195s

Cutting planes:
  Gomory: 100
  Cover: 281
  Implied bound: 4
  Clique: 466
  MIR: 60
  Flow cover: 488
  GUB cover: 28
  Inf proof: 26
  Zero half: 2266
  Relax-and-lift: 8

Explored 253278 nodes (19442095 simplex iterations) in 7211.81 seconds (7933.11 work units)
Thread count was 1 (of 32 available processors)

Solution count 10: 159.343 159.343 159.343 ... 158.764

Time limit reached
Best objective 1.593430455926e+02, best bound 1.627459311059e+02, gap 2.1356%

User-callback calls 1956647, time in user-callback 38.76 sec
