{
  "lat_min": 27.060096740722656,
  "lat_max": 30.854389190673828,
  "lon_min": -95.92501068115234,
  "lon_max": -89.74744415283203,
  "sog_min": -1.285393238067627,
  "sog_max": 98.09564971923828
}