
Gurobi 12.0.1 (win64) logging started Wed Dec 17 19:02:17 2025

Set parameter LogFile to value "data\dblrp\grb_log_ef_s20_ts0_f10_c10_r2.0_iss1_bt1_nsp2000_nse500_sd7.log"
Set parameter NodefileStart to value 0.5
Set parameter NodefileDir to value "node_files\s20_ts0"
Set parameter MIPGap to value 0.0001
Set parameter TimeLimit to value 3600
Set parameter Threads to value 1
Gurobi Optimizer version 12.0.1 build v12.0.1rc0 (win64 - Windows 11.0 (26100.2))

CPU model: Intel(R) Core(TM) i9-14900K, instruction set [SSE2|AVX|AVX2]
Thread count: 24 physical cores, 32 logical processors, using up to 1 threads

Non-default parameters:
TimeLimit  3600
NodefileStart  0.5
Threads  1

Optimize a model with 15135400 rows, 5061810 columns and 42575000 nonzeros
Model fingerprint: 0xed2889a5
Variable types: 0 continuous, 5061810 integer (5040010 binary)
Coefficient statistics:
  Matrix range     [1e+00, 7e+01]
  Objective range  [5e-01, 1e+01]
  Bounds range     [1e+00, 4e+01]
  RHS range        [1e+00, 7e+01]
Presolve removed 15085721 rows and 4988401 columns
Presolve time: 4.95s
Presolved: 49679 rows, 73409 columns, 361536 nonzeros
Variable types: 0 continuous, 73409 integer (62186 binary)
Found heuristic solution: objective -100.0000000
Performing another presolve...
Presolve removed 41669 rows and 24617 columns
Presolve time: 1.05s

Root simplex log...

Iteration    Objective       Primal Inf.    Dual Inf.      Time
       0    9.0949223e+03   2.308725e+04   0.000000e+00      9s
   24815    1.7753060e+02   1.162730e+01   0.000000e+00     10s
   25168    1.7751418e+02   0.000000e+00   0.000000e+00     10s

Root relaxation: objective 1.775142e+02, 25168 iterations, 0.67 seconds (1.54 work units)
Total elapsed time = 10.05s (DegenMoves)

    Nodes    |    Current Node    |     Objective Bounds      |     Work
 Expl Unexpl |  Obj  Depth IntInf | Incumbent    BestBd   Gap | It/Node Time

     0     0  177.51418    0 2510 -100.00000  177.51418   278%     -   10s
     0     0  174.85198    0 2594 -100.00000  174.85198   275%     -   10s
     0     0  173.49261    0 2518 -100.00000  173.49261   273%     -   10s
     0     0  173.45332    0 2500 -100.00000  173.45332   273%     -   10s
     0     0  173.45220    0 2493 -100.00000  173.45220   273%     -   10s
     0     0  173.45220    0 2499 -100.00000  173.45220   273%     -   10s
H    0     0                      -0.0000000  173.45220      -     -   11s
H    0     0                      23.7127233  173.45220   631%     -   11s
H    0     0                      32.2212109  173.45220   438%     -   11s
H    0     0                      84.3523913  173.45220   106%     -   11s
H    0     0                     122.3191025  173.45220  41.8%     -   11s
H    0     0                     128.0672733  173.45220  35.4%     -   12s
H    0     0                     132.4604849  173.45220  30.9%     -   12s
     0     0  173.12873    0 2605  132.46048  173.12873  30.7%     -   12s
     0     0  173.12637    0 2600  132.46048  173.12637  30.7%     -   12s
     0     0  173.12637    0 2596  132.46048  173.12637  30.7%     -   12s
H    0     0                     147.0921103  173.10849  17.7%     -   12s
H    0     0                     147.8054956  173.10849  17.1%     -   13s
     0     0  172.91247    0 2653  147.80550  172.91247  17.0%     -   13s
     0     0  172.91103    0 2650  147.80550  172.91103  17.0%     -   13s
     0     0  172.63611    0 2692  147.80550  172.63611  16.8%     -   13s
     0     0  172.60896    0 2618  147.80550  172.60896  16.8%     -   13s
     0     0  172.60896    0 2617  147.80550  172.60896  16.8%     -   13s
H    0     0                     151.8457901  172.60896  13.7%     -   13s
H    0     0                     152.3706893  172.60896  13.3%     -   14s
     0     0  172.57129    0 2658  152.37069  172.57129  13.3%     -   14s
     0     0  172.57129    0 2657  152.37069  172.57129  13.3%     -   14s
     0     0  172.57129    0 2652  152.37069  172.57129  13.3%     -   14s
     0     0  172.42567    0 2733  152.37069  172.42567  13.2%     -   14s
     0     0  172.42090    0 2699  152.37069  172.42090  13.2%     -   14s
H    0     0                     155.4131948  172.41377  10.9%     -   14s
H    0     0                     155.9380940  172.41377  10.6%     -   14s
     0     0  172.41377    0 2768  155.93809  172.41377  10.6%     -   14s
     0     0  172.41377    0 2767  155.93809  172.41377  10.6%     -   14s
     0     0  172.41377    0 2762  155.93809  172.41377  10.6%     -   14s
     0     0  172.41377    0 2770  155.93809  172.41377  10.6%     -   14s
     0     0  172.27160    0 2850  155.93809  172.27160  10.5%     -   15s
     0     0  172.27108    0 2847  155.93809  172.27108  10.5%     -   15s
     0     0  172.26629    0 2832  155.93809  172.26629  10.5%     -   15s
     0     0  172.26629    0 2826  155.93809  172.26629  10.5%     -   15s
     0     0  172.26611    0 2827  155.93809  172.26611  10.5%     -   15s
     0     0  172.14115    0 2806  155.93809  172.14115  10.4%     -   15s
     0     0  172.14115    0 2809  155.93809  172.14115  10.4%     -   15s
     0     0  172.13906    0 2808  155.93809  172.13906  10.4%     -   15s
     0     0  172.13849    0 2858  155.93809  172.13849  10.4%     -   15s
     0     0  172.13849    0 2854  155.93809  172.13849  10.4%     -   15s
     0     0  171.87118    0 2816  155.93809  171.87118  10.2%     -   15s
     0     0  171.87118    0 2816  155.93809  171.87118  10.2%     -   15s
     0     0  171.86479    0 2876  155.93809  171.86479  10.2%     -   15s
     0     0  171.86479    0 2869  155.93809  171.86479  10.2%     -   15s
     0     0  171.86405    0 2846  155.93809  171.86405  10.2%     -   15s
     0     0  171.86405    0 2854  155.93809  171.86405  10.2%     -   16s
     0     0  171.83548    0 2883  155.93809  171.83548  10.2%     -   16s
H    0     0                     158.6607324  171.83548  8.30%     -   16s
     0     0  171.80044    0 2881  158.66073  171.80044  8.28%     -   16s
     0     0  171.80044    0 2878  158.66073  171.80044  8.28%     -   16s
     0     0  171.79535    0 2954  158.66073  171.79535  8.28%     -   16s
     0     0  171.79535    0 2953  158.66073  171.79535  8.28%     -   16s
     0     0  171.79526    0 2964  158.66073  171.79526  8.28%     -   16s
     0     0  171.75461    0 2949  158.66073  171.75461  8.25%     -   16s
     0     0  171.75355    0 2951  158.66073  171.75355  8.25%     -   16s
H    0     0                     160.4649533  171.75355  7.03%     -   17s
     0     0  171.73622    0 2935  160.46495  171.73622  7.02%     -   17s
     0     0  171.73622    0 2929  160.46495  171.73622  7.02%     -   17s
     0     0  171.73622    0 2907  160.46495  171.73622  7.02%     -   17s
     0     0  171.70294    0 2946  160.46495  171.70294  7.00%     -   17s
H    0     0                     161.1783387  171.70294  6.53%     -   17s
     0     0  171.69415    0 2982  161.17834  171.69415  6.52%     -   17s
     0     0  171.69415    0 2969  161.17834  171.69415  6.52%     -   17s
     0     0  171.69353    0 2962  161.17834  171.69353  6.52%     -   17s
     0     0  171.69327    0 2957  161.17834  171.69327  6.52%     -   17s
     0     0  171.63969    0 3070  161.17834  171.63969  6.49%     -   18s
     0     0  171.63305    0 3038  161.17834  171.63305  6.49%     -   18s
     0     0  171.63291    0 3058  161.17834  171.63291  6.49%     -   18s
     0     0  171.59691    0 3153  161.17834  171.59691  6.46%     -   18s
     0     0  171.59579    0 3176  161.17834  171.59579  6.46%     -   18s
     0     0  171.59545    0 3229  161.17834  171.59545  6.46%     -   18s
     0     0  171.57486    0 3130  161.17834  171.57486  6.45%     -   18s
     0     0  171.57386    0 3189  161.17834  171.57386  6.45%     -   18s
     0     0  171.57373    0 3210  161.17834  171.57373  6.45%     -   18s
     0     0  171.57223    0 3191  161.17834  171.57223  6.45%     -   19s
     0     0  171.55343    0 3194  161.17834  171.55343  6.44%     -   19s
     0     0  171.54762    0 3233  161.17834  171.54762  6.43%     -   19s
     0     0  171.54761    0 3257  161.17834  171.54761  6.43%     -   19s
     0     0  171.51158    0 3194  161.17834  171.51158  6.41%     -   19s
     0     0  171.50973    0 3258  161.17834  171.50973  6.41%     -   19s
     0     0  171.50949    0 3229  161.17834  171.50949  6.41%     -   19s
     0     0  171.48113    0 3131  161.17834  171.48113  6.39%     -   19s
     0     0  171.48091    0 3228  161.17834  171.48091  6.39%     -   19s
     0     0  171.47060    0 3176  161.17834  171.47060  6.39%     -   20s
H    0     0                     161.4170773  171.47060  6.23%     -   20s
H    0     0                     162.1304626  171.47060  5.76%     -   20s
H    0     0                     162.8438480  171.47060  5.30%     -   21s
H    0     0                     162.9912970  171.47060  5.20%     -   21s
H    0     0                     163.7046823  171.47060  4.74%     -   21s
H    0     0                     164.2706187  171.47060  4.38%     -   22s
     0     0  171.46908    0 3182  164.27062  171.46908  4.38%     -   22s
     0     0  171.46874    0 3242  164.27062  171.46874  4.38%     -   22s
     0     0  171.45165    0 3271  164.27062  171.45165  4.37%     -   22s
     0     0  171.45165    0 3308  164.27062  171.45165  4.37%     -   22s
     0     0  171.44861    0 3327  164.27062  171.44861  4.37%     -   22s
     0     0  171.44759    0 3279  164.27062  171.44759  4.37%     -   22s
     0     0  171.44759    0 3286  164.27062  171.44759  4.37%     -   22s
     0     0  171.43399    0 3294  164.27062  171.43399  4.36%     -   22s
     0     0  171.43357    0 3342  164.27062  171.43357  4.36%     -   23s
     0     0  171.42784    0 3336  164.27062  171.42784  4.36%     -   23s
     0     0  171.42767    0 3336  164.27062  171.42767  4.36%     -   23s
     0     0  171.42767    0 3368  164.27062  171.42767  4.36%     -   23s
     0     0  171.42767    0 2978  164.27062  171.42767  4.36%     -   23s
     0     2  171.39008    0 2959  164.27062  171.39008  4.33%     -   25s
H   27    15                     164.9840040  165.75652  0.47%  1074   26s
   399   255  165.32208   10 1133  164.98400  165.58143  0.36%   113   30s
   942   231     cutoff   11       164.98400  165.28211  0.18%   103   35s

Cutting planes:
  Gomory: 3
  Cover: 5
  Implied bound: 3
  Clique: 188
  MIR: 25
  Zero half: 679
  Relax-and-lift: 2

Explored 1274 nodes (203514 simplex iterations) in 37.53 seconds (61.55 work units)
Thread count was 1 (of 32 available processors)

Solution count 10: 164.984 164.271 163.705 ... 158.661

Optimal solution found (tolerance 1.00e-04)
Best objective 1.649840040389e+02, best bound 1.649840040389e+02, gap 0.0000%

User-callback calls 8095, time in user-callback 4.20 sec

Gurobi 12.0.1 (win64) logging started Wed Dec 17 19:13:53 2025

Set parameter LogFile to value "data\dblrp\grb_log_ef_s20_ts0_f10_c10_r2.0_iss1_bt1_nsp2000_nse500_sd7.log"
Set parameter NodefileStart to value 0.5
Set parameter NodefileDir to value "node_files\s20_ts0"
Set parameter MIPGap to value 0.0001
Set parameter TimeLimit to value 3600
Set parameter Threads to value 1
Gurobi Optimizer version 12.0.1 build v12.0.1rc0 (win64 - Windows 11.0 (26100.2))

CPU model: Intel(R) Core(TM) i9-14900K, instruction set [SSE2|AVX|AVX2]
Thread count: 24 physical cores, 32 logical processors, using up to 1 threads

Non-default parameters:
TimeLimit  3600
NodefileStart  0.5
Threads  1

Optimize a model with 15135400 rows, 5061810 columns and 42575000 nonzeros
Model fingerprint: 0x4fc71fa6
Variable types: 0 continuous, 5061810 integer (5040010 binary)
Coefficient statistics:
  Matrix range     [1e+00, 7e+01]
  Objective range  [5e-01, 1e+01]
  Bounds range     [1e+00, 4e+01]
  RHS range        [1e+00, 7e+01]
Presolve removed 15086605 rows and 4989285 columns
Presolve time: 4.50s
Presolved: 48795 rows, 72525 columns, 356436 nonzeros
Variable types: 0 continuous, 72525 integer (61336 binary)
Found heuristic solution: objective -100.0000000
Performing another presolve...
Presolve removed 40838 rows and 24568 columns
Presolve time: 0.92s

Root simplex log...

Iteration    Objective       Primal Inf.    Dual Inf.      Time
       0    8.8756300e+03   2.262900e+04   0.000000e+00      9s
   24308    1.7724756e+02   0.000000e+00   0.000000e+00      9s

Root relaxation: objective 1.772476e+02, 24308 iterations, 0.60 seconds (1.38 work units)
Total elapsed time = 9.33s (DegenMoves)

    Nodes    |    Current Node    |     Objective Bounds      |     Work
 Expl Unexpl |  Obj  Depth IntInf | Incumbent    BestBd   Gap | It/Node Time

     0     0  177.24756    0 2441 -100.00000  177.24756   277%     -    9s
     0     0  175.53913    0 2592 -100.00000  175.53913   276%     -    9s
     0     0  173.51392    0 2552 -100.00000  173.51392   274%     -    9s
     0     0  173.42742    0 2478 -100.00000  173.42742   273%     -    9s
     0     0  173.42604    0 2484 -100.00000  173.42604   273%     -    9s
     0     0  173.42604    0 2480 -100.00000  173.42604   273%     -    9s
H    0     0                      -0.0000000  173.42604      -     -   10s
H    0     0                      21.0171208  173.42604   725%     -   10s
H    0     0                      41.4297020  173.42604   319%     -   10s
H    0     0                      95.3886132  173.42604  81.8%     -   10s
H    0     0                     122.3989888  173.42604  41.7%     -   11s
H    0     0                     134.3506587  173.42604  29.1%     -   11s
H    0     0                     141.8323084  173.42604  22.3%     -   11s
     0     0  173.01082    0 2582  141.83231  173.01082  22.0%     -   11s
     0     0  173.01082    0 2594  141.83231  173.01082  22.0%     -   11s
     0     0  173.01082    0 2594  141.83231  173.01082  22.0%     -   11s
     0     0  173.00715    0 2593  141.83231  173.00715  22.0%     -   11s
H    0     0                     152.6225434  172.94932  13.3%     -   12s
     0     0  172.94932    0 2621  152.62254  172.94932  13.3%     -   12s
     0     0  172.94932    0 2620  152.62254  172.94932  13.3%     -   12s
     0     0  172.39225    0 2649  152.62254  172.39225  13.0%     -   12s
     0     0  172.38172    0 2660  152.62254  172.38172  12.9%     -   12s
     0     0  172.37975    0 2656  152.62254  172.37975  12.9%     -   12s
     0     0  172.37954    0 2663  152.62254  172.37954  12.9%     -   12s
H    0     0                     159.9926361  172.37954  7.74%     -   13s
     0     0  172.36417    0 2645  159.99264  172.36417  7.73%     -   13s
     0     0  172.36417    0 2654  159.99264  172.36417  7.73%     -   13s
     0     0  172.10123    0 2789  159.99264  172.10123  7.57%     -   13s
     0     0  172.10005    0 2792  159.99264  172.10005  7.57%     -   13s
     0     0  172.09986    0 2765  159.99264  172.09986  7.57%     -   13s
     0     0  172.09986    0 2768  159.99264  172.09986  7.57%     -   13s
     0     0  172.09895    0 2767  159.99264  172.09895  7.57%     -   13s
     0     0  172.09895    0 2767  159.99264  172.09895  7.57%     -   13s
     0     0  172.09895    0 2778  159.99264  172.09895  7.57%     -   13s
     0     0  171.89806    0 2700  159.99264  171.89806  7.44%     -   13s
     0     0  171.89806    0 2699  159.99264  171.89806  7.44%     -   13s
     0     0  171.87728    0 2762  159.99264  171.87728  7.43%     -   13s
     0     0  171.87728    0 2766  159.99264  171.87728  7.43%     -   13s
     0     0  171.87728    0 2755  159.99264  171.87728  7.43%     -   13s
     0     0  171.76563    0 2793  159.99264  171.76563  7.36%     -   13s
     0     0  171.75522    0 2779  159.99264  171.75522  7.35%     -   13s
     0     0  171.75121    0 2808  159.99264  171.75121  7.35%     -   14s
     0     0  171.75120    0 2791  159.99264  171.75120  7.35%     -   14s
     0     0  171.75120    0 2793  159.99264  171.75120  7.35%     -   14s
     0     0  171.62190    0 2802  159.99264  171.62190  7.27%     -   14s
     0     0  171.61440    0 2843  159.99264  171.61440  7.26%     -   14s
     0     0  171.61440    0 2847  159.99264  171.61440  7.26%     -   14s
     0     0  171.51502    0 2831  159.99264  171.51502  7.20%     -   14s
     0     0  171.51502    0 2822  159.99264  171.51502  7.20%     -   14s
     0     0  171.51480    0 2851  159.99264  171.51480  7.20%     -   14s
     0     0  171.51480    0 2851  159.99264  171.51480  7.20%     -   14s
     0     0  171.36802    0 2933  159.99264  171.36802  7.11%     -   14s
     0     0  171.36802    0 2927  159.99264  171.36802  7.11%     -   14s
     0     0  171.36495    0 2949  159.99264  171.36495  7.11%     -   14s
     0     0  171.36428    0 2943  159.99264  171.36428  7.11%     -   15s
     0     0  171.36428    0 2961  159.99264  171.36428  7.11%     -   15s
     0     0  171.35172    0 3031  159.99264  171.35172  7.10%     -   15s
H    0     0                     160.8735772  171.35172  6.51%     -   15s
     0     0  171.35057    0 3032  160.87358  171.35057  6.51%     -   15s
     0     0  171.35025    0 3023  160.87358  171.35025  6.51%     -   15s
     0     0  171.34023    0 3047  160.87358  171.34023  6.51%     -   15s
     0     0  171.34023    0 3045  160.87358  171.34023  6.51%     -   15s
H    0     0                     162.2276591  171.33856  5.62%     -   16s
     0     0  171.33856    0 3080  162.22766  171.33856  5.62%     -   16s
     0     0  171.32163    0 3059  162.22766  171.32163  5.61%     -   16s
     0     0  171.30121    0 3095  162.22766  171.30121  5.59%     -   16s
     0     0  171.30024    0 3080  162.22766  171.30024  5.59%     -   16s
     0     0  171.29992    0 3090  162.22766  171.29992  5.59%     -   16s
     0     0  171.28769    0 3087  162.22766  171.28769  5.58%     -   16s
     0     0  171.28769    0 3087  162.22766  171.28769  5.58%     -   16s
     0     0  171.28543    0 3208  162.22766  171.28543  5.58%     -   17s
     0     0  171.28450    0 3184  162.22766  171.28450  5.58%     -   17s
     0     0  171.28444    0 3178  162.22766  171.28444  5.58%     -   17s
     0     0  171.26313    0 3189  162.22766  171.26313  5.57%     -   17s
     0     0  171.24494    0 3238  162.22766  171.24494  5.56%     -   17s
     0     0  171.24249    0 3264  162.22766  171.24249  5.56%     -   17s
     0     0  171.24249    0 3252  162.22766  171.24249  5.56%     -   17s
     0     0  171.19481    0 3226  162.22766  171.19481  5.53%     -   17s
     0     0  171.17991    0 3211  162.22766  171.17991  5.52%     -   17s
     0     0  171.17705    0 3292  162.22766  171.17705  5.52%     -   17s
     0     0  171.17696    0 3320  162.22766  171.17696  5.52%     -   18s
     0     0  171.15863    0 3331  162.22766  171.15863  5.51%     -   18s
H    0     0                     163.1797831  171.15863  4.89%     -   18s
     0     0  171.15120    0 3399  163.17978  171.15120  4.89%     -   18s
     0     0  171.15065    0 3420  163.17978  171.15065  4.88%     -   18s
     0     0  171.14409    0 3453  163.17978  171.14409  4.88%     -   19s
     0     0  171.13579    0 3491  163.17978  171.13579  4.88%     -   19s
     0     0  171.13498    0 3490  163.17978  171.13498  4.88%     -   19s
     0     0  171.13498    0 3494  163.17978  171.13498  4.88%     -   19s
     0     0  171.13459    0 3469  163.17978  171.13459  4.87%     -   19s
     0     0  171.10041    0 3360  163.17978  171.10041  4.85%     -   19s
     0     0  171.09704    0 3401  163.17978  171.09704  4.85%     -   19s
     0     0  171.09647    0 3425  163.17978  171.09647  4.85%     -   19s
     0     0  171.06112    0 3403  163.17978  171.06112  4.83%     -   19s
H    0     0                     163.7457195  171.06112  4.47%     -   20s
H    0     0                     164.4591048  171.06112  4.01%     -   20s
H    0     0                     164.9840040  171.06112  3.68%     -   21s
     0     0  171.05668    0 3415  164.98400  171.05668  3.68%     -   21s
     0     0  171.05487    0 3445  164.98400  171.05487  3.68%     -   21s
     0     0  171.05455    0 3470  164.98400  171.05455  3.68%     -   21s
     0     0  171.02151    0 3413  164.98400  171.02151  3.66%     -   21s
     0     0  171.01000    0 3497  164.98400  171.01000  3.65%     -   21s
     0     0  171.00871    0 3522  164.98400  171.00871  3.65%     -   21s
     0     0  171.00859    0 3515  164.98400  171.00859  3.65%     -   21s
     0     0  170.99712    0 3462  164.98400  170.99712  3.64%     -   21s
     0     0  170.99644    0 3569  164.98400  170.99644  3.64%     -   22s
     0     0  170.92992    0 3603  164.98400  170.92992  3.60%     -   22s
     0     0  170.92723    0 3599  164.98400  170.92723  3.60%     -   22s
     0     0  170.92659    0 3619  164.98400  170.92659  3.60%     -   22s
     0     0  170.90498    0 3642  164.98400  170.90498  3.59%     -   22s
     0     0  170.90461    0 3667  164.98400  170.90461  3.59%     -   22s
     0     0  170.89182    0 3596  164.98400  170.89182  3.58%     -   22s
     0     0  170.89123    0 3669  164.98400  170.89123  3.58%     -   23s
     0     0  170.88493    0 3689  164.98400  170.88493  3.58%     -   23s
     0     0  170.88493    0 3286  164.98400  170.88493  3.58%     -   23s
     0     0  170.88493    0 2348  164.98400  170.88493  3.58%     -   25s
     0     0  170.88493    0 2354  164.98400  170.88493  3.58%     -   25s
     0     0  170.88493    0 2506  164.98400  170.88493  3.58%     -   26s
     0     0  170.88493    0 2804  164.98400  170.88493  3.58%     -   26s
     0     0  170.88493    0 2806  164.98400  170.88493  3.58%     -   26s
     0     0  170.88493    0 2969  164.98400  170.88493  3.58%     -   26s
     0     0  170.88493    0 3162  164.98400  170.88493  3.58%     -   27s
     0     0  170.88493    0 3304  164.98400  170.88493  3.58%     -   27s
     0     0  170.83643    0 3388  164.98400  170.83643  3.55%     -   27s
     0     0  170.82747    0 3422  164.98400  170.82747  3.54%     -   27s
     0     0  170.82663    0 3442  164.98400  170.82663  3.54%     -   27s
     0     0  170.82652    0 3441  164.98400  170.82652  3.54%     -   27s
     0     0  170.80219    0 3444  164.98400  170.80219  3.53%     -   27s
     0     0  170.80017    0 3513  164.98400  170.80017  3.53%     -   27s
     0     0  170.80005    0 3532  164.98400  170.80005  3.53%     -   27s
     0     0  170.79215    0 3562  164.98400  170.79215  3.52%     -   28s
     0     0  170.77730    0 3591  164.98400  170.77730  3.51%     -   28s
     0     0  170.77299    0 3574  164.98400  170.77299  3.51%     -   28s
     0     0  170.76929    0 3589  164.98400  170.76929  3.51%     -   28s
     0     0  170.76929    0 3582  164.98400  170.76929  3.51%     -   28s
     0     0  170.76345    0 3503  164.98400  170.76345  3.50%     -   28s
     0     0  170.74717    0 3577  164.98400  170.74717  3.49%     -   28s
     0     0  170.74609    0 3580  164.98400  170.74609  3.49%     -   28s
     0     0  170.74607    0 3613  164.98400  170.74607  3.49%     -   28s
     0     0  170.74282    0 3625  164.98400  170.74282  3.49%     -   28s
     0     0  170.74179    0 3572  164.98400  170.74179  3.49%     -   28s
     0     0  170.74168    0 3582  164.98400  170.74168  3.49%     -   28s
     0     0  170.73664    0 3578  164.98400  170.73664  3.49%     -   29s
     0     0  170.73655    0 3633  164.98400  170.73655  3.49%     -   29s
     0     0  170.73572    0 3656  164.98400  170.73572  3.49%     -   29s
     0     0  170.73572    0 3307  164.98400  170.73572  3.49%     -   29s
     0     2  170.73129    0 3307  164.98400  170.73129  3.48%     -   30s

Cutting planes:
  Gomory: 2
  Cover: 4
  Clique: 187
  MIR: 25
  Zero half: 633
  Relax-and-lift: 3

Explored 21 nodes (170177 simplex iterations) in 32.72 seconds (61.87 work units)
Thread count was 1 (of 32 available processors)

Solution count 10: 164.984 164.459 163.746 ... 134.351

Optimal solution found (tolerance 1.00e-04)
Best objective 1.649840040389e+02, best bound 1.649977374255e+02, gap 0.0083%

User-callback calls 4719, time in user-callback 2.88 sec

Gurobi 12.0.1 (win64) logging started Wed Dec 17 19:42:06 2025

Set parameter LogFile to value "data\dblrp\grb_log_ef_s20_ts0_f10_c10_r2.0_iss1_bt1_nsp2000_nse500_sd7.log"
Set parameter NodefileStart to value 0.5
Set parameter NodefileDir to value "node_files\s20_ts0"
Set parameter MIPGap to value 0.0001
Set parameter TimeLimit to value 3600
Set parameter Threads to value 1
Gurobi Optimizer version 12.0.1 build v12.0.1rc0 (win64 - Windows 11.0 (26100.2))

CPU model: Intel(R) Core(TM) i9-14900K, instruction set [SSE2|AVX|AVX2]
Thread count: 24 physical cores, 32 logical processors, using up to 1 threads

Non-default parameters:
TimeLimit  3600
NodefileStart  0.5
Threads  1

Optimize a model with 15135401 rows, 5061810 columns and 42575010 nonzeros
Model fingerprint: 0x6ee77866
Variable types: 0 continuous, 5061810 integer (5040010 binary)
Coefficient statistics:
  Matrix range     [1e+00, 7e+01]
  Objective range  [5e-01, 1e+01]
  Bounds range     [1e+00, 4e+01]
  RHS range        [1e+00, 7e+01]
Presolve removed 15086414 rows and 4989094 columns
Presolve time: 4.75s
Presolved: 48987 rows, 72716 columns, 357568 nonzeros
Variable types: 0 continuous, 72716 integer (61523 binary)
Found heuristic solution: objective -20.0000000
Performing another presolve...
Presolve removed 40995 rows and 24469 columns
Presolve time: 1.05s

Root simplex log...

Iteration    Objective       Primal Inf.    Dual Inf.      Time
       0    8.8786386e+03   2.243850e+04   0.000000e+00      9s
   22285    1.7498400e+02   0.000000e+00   0.000000e+00     10s

Root relaxation: objective 1.749840e+02, 22285 iterations, 0.66 seconds (1.50 work units)
Total elapsed time = 9.78s (DegenMoves)
Total elapsed time = 10.17s (DegenMoves)

    Nodes    |    Current Node    |     Objective Bounds      |     Work
 Expl Unexpl |  Obj  Depth IntInf | Incumbent    BestBd   Gap | It/Node Time

     0     0  174.98400    0 1752  -20.00000  174.98400   975%     -   10s
     0     0  174.82502    0 2569  -20.00000  174.82502   974%     -   10s
     0     0  173.25755    0 2495  -20.00000  173.25755   966%     -   10s
     0     0  172.89744    0 2513  -20.00000  172.89744   964%     -   10s
     0     0  172.85232    0 2512  -20.00000  172.85232   964%     -   10s
H    0     0                     106.0020513  172.85232  63.1%     -   11s
H    0     0                     110.3180855  172.85232  56.7%     -   11s
H    0     0                     111.1990266  172.85232  55.4%     -   11s
H    0     0                     120.6484631  172.85232  43.3%     -   11s
H    0     0                     121.8695705  172.85232  41.8%     -   12s
H    0     0                     125.3933350  172.85232  37.8%     -   12s
     0     0  172.24371    0 2636  125.39334  172.24371  37.4%     -   12s
     0     0  172.19749    0 2600  125.39334  172.19749  37.3%     -   12s
     0     0  172.19749    0 2604  125.39334  172.19749  37.3%     -   12s
     0     0  172.19749    0 2598  125.39334  172.19749  37.3%     -   12s
H    0     0                     125.8451805  172.19308  36.8%     -   13s
H    0     0                     126.5585658  172.19308  36.1%     -   13s
H    0     0                     127.1762606  172.19308  35.4%     -   13s
H    0     0                     127.2588922  172.19308  35.3%     -   13s
H    0     0                     128.1398333  172.19308  34.4%     -   14s
     0     0  172.19308    0 2589  128.13983  172.19308  34.4%     -   14s
     0     0  171.61711    0 2663  128.13983  171.61711  33.9%     -   14s
     0     0  171.61412    0 2685  128.13983  171.61412  33.9%     -   14s
     0     0  171.61412    0 2683  128.13983  171.61412  33.9%     -   14s
H    0     0                     131.5825398  171.61412  30.4%     -   14s
H    0     0                     132.1074390  171.61412  29.9%     -   14s
     0     0  171.61069    0 2697  132.10744  171.61069  29.9%     -   15s
     0     0  171.61069    0 2706  132.10744  171.61069  29.9%     -   15s
     0     0  171.40028    0 2794  132.10744  171.40028  29.7%     -   15s
     0     0  171.40028    0 2790  132.10744  171.40028  29.7%     -   15s
H    0     0                     132.9725045  171.40028  28.9%     -   15s
H    0     0                     133.3695836  171.40028  28.5%     -   15s
     0     0  171.36439    0 2818  133.36958  171.36439  28.5%     -   15s
     0     0  171.36273    0 2845  133.36958  171.36273  28.5%     -   15s
     0     0  171.36253    0 2849  133.36958  171.36253  28.5%     -   15s
     0     0  171.36253    0 2854  133.36958  171.36253  28.5%     -   15s
     0     0  171.15442    0 2885  133.36958  171.15442  28.3%     -   16s
     0     0  171.15442    0 2892  133.36958  171.15442  28.3%     -   16s
H    0     0                     135.3788369  171.15442  26.4%     -   16s
H    0     0                     135.9447732  171.15442  25.9%     -   16s
H    0     0                     136.1669825  171.15442  25.7%     -   17s
H    0     0                     136.1669826  171.15442  25.7%     -   17s
     0     0  171.13782    0 2881  136.16698  171.13782  25.7%     -   17s
     0     0  171.13782    0 2878  136.16698  171.13782  25.7%     -   17s
     0     0  171.13367    0 2894  136.16698  171.13367  25.7%     -   17s
     0     0  171.13367    0 2897  136.16698  171.13367  25.7%     -   17s
     0     0  170.94491    0 2929  136.16698  170.94491  25.5%     -   17s
     0     0  170.94491    0 2919  136.16698  170.94491  25.5%     -   17s
     0     0  170.93015    0 2936  136.16698  170.93015  25.5%     -   17s
     0     0  170.93015    0 2938  136.16698  170.93015  25.5%     -   17s
     0     0  170.80210    0 3011  136.16698  170.80210  25.4%     -   18s
     0     0  170.79935    0 3014  136.16698  170.79935  25.4%     -   18s
     0     0  170.78734    0 3057  136.16698  170.78734  25.4%     -   18s
     0     0  170.78642    0 3058  136.16698  170.78642  25.4%     -   18s
     0     0  170.78621    0 3063  136.16698  170.78621  25.4%     -   18s
     0     0  170.64181    0 3023  136.16698  170.64181  25.3%     -   18s
     0     0  170.62579    0 3061  136.16698  170.62579  25.3%     -   18s
     0     0  170.62431    0 3097  136.16698  170.62431  25.3%     -   18s
     0     0  170.62431    0 3097  136.16698  170.62431  25.3%     -   18s
     0     0  170.50841    0 3124  136.16698  170.50841  25.2%     -   18s
     0     0  170.45524    0 3078  136.16698  170.45524  25.2%     -   19s
     0     0  170.44821    0 3095  136.16698  170.44821  25.2%     -   19s
     0     0  170.44814    0 3100  136.16698  170.44814  25.2%     -   19s
     0     0  170.30527    0 3118  136.16698  170.30527  25.1%     -   19s
     0     0  170.27086    0 3155  136.16698  170.27086  25.0%     -   19s
     0     0  170.27060    0 3190  136.16698  170.27060  25.0%     -   19s
     0     0  170.19997    0 3053  136.16698  170.19997  25.0%     -   19s
     0     0  170.19987    0 3054  136.16698  170.19987  25.0%     -   19s
     0     0  170.17796    0 3168  136.16698  170.17796  25.0%     -   19s
     0     0  170.17331    0 3129  136.16698  170.17331  25.0%     -   19s
     0     0  170.17328    0 3138  136.16698  170.17328  25.0%     -   19s
     0     0  170.17328    0 3139  136.16698  170.17328  25.0%     -   19s
     0     0  170.02311    0 3245  136.16698  170.02311  24.9%     -   20s
     0     0  170.02311    0 3252  136.16698  170.02311  24.9%     -   20s
H    0     0                     136.2260367  170.02311  24.8%     -   20s
H    0     0                     137.4052667  170.02311  23.7%     -   20s
     0     0  170.01946    0 3302  137.40527  170.01946  23.7%     -   20s
     0     0  170.01750    0 3332  137.40527  170.01750  23.7%     -   20s
     0     0  170.01744    0 3341  137.40527  170.01744  23.7%     -   20s
     0     0  169.94881    0 3398  137.40527  169.94881  23.7%     -   20s
     0     0  169.94881    0 3392  137.40527  169.94881  23.7%     -   20s
     0     0  169.91814    0 3445  137.40527  169.91814  23.7%     -   21s
     0     0  169.91779    0 3451  137.40527  169.91779  23.7%     -   21s
     0     0  169.81610    0 3437  137.40527  169.81610  23.6%     -   21s
     0     0  169.81610    0 3448  137.40527  169.81610  23.6%     -   21s
H    0     0                     138.7090058  169.81610  22.4%     -   21s
     0     0  169.78185    0 3454  138.70901  169.78185  22.4%     -   21s
     0     0  169.78089    0 3465  138.70901  169.78089  22.4%     -   21s
     0     0  169.78086    0 3474  138.70901  169.78086  22.4%     -   21s
     0     0  169.71676    0 3517  138.70901  169.71676  22.4%     -   21s
     0     0  169.71617    0 3512  138.70901  169.71617  22.4%     -   21s
     0     0  169.70246    0 3603  138.70901  169.70246  22.3%     -   21s
     0     0  169.70163    0 3619  138.70901  169.70163  22.3%     -   21s
     0     0  169.67263    0 3586  138.70901  169.67263  22.3%     -   22s
     0     0  169.65491    0 3630  138.70901  169.65491  22.3%     -   22s
     0     0  169.65313    0 3634  138.70901  169.65313  22.3%     -   22s
     0     0  169.65308    0 3657  138.70901  169.65308  22.3%     -   22s
     0     0  169.61187    0 3629  138.70901  169.61187  22.3%     -   22s
     0     0  169.60672    0 3683  138.70901  169.60672  22.3%     -   22s
     0     0  169.60655    0 3699  138.70901  169.60655  22.3%     -   22s
     0     0  169.57473    0 3642  138.70901  169.57473  22.3%     -   22s
     0     0  169.56254    0 3720  138.70901  169.56254  22.2%     -   22s
     0     0  169.56215    0 3709  138.70901  169.56215  22.2%     -   22s
     0     0  169.53524    0 3665  138.70901  169.53524  22.2%     -   23s
     0     0  169.53268    0 3714  138.70901  169.53268  22.2%     -   23s
     0     0  169.53224    0 3766  138.70901  169.53224  22.2%     -   23s
     0     0  169.52111    0 3751  138.70901  169.52111  22.2%     -   23s
     0     0  169.51948    0 3784  138.70901  169.51948  22.2%     -   23s
     0     0  169.51850    0 3799  138.70901  169.51850  22.2%     -   23s
     0     0  169.49132    0 3799  138.70901  169.49132  22.2%     -   23s
     0     0  169.48940    0 3793  138.70901  169.48940  22.2%     -   23s
     0     0  169.48911    0 3786  138.70901  169.48911  22.2%     -   23s
     0     0  169.45572    0 3766  138.70901  169.45572  22.2%     -   23s
     0     0  169.45073    0 3774  138.70901  169.45073  22.2%     -   24s
     0     0  169.45033    0 3790  138.70901  169.45033  22.2%     -   24s
     0     0  169.44589    0 3803  138.70901  169.44589  22.2%     -   24s
     0     0  169.44589    0 3570  138.70901  169.44589  22.2%     -   24s
H    0     0                     139.8459803  169.44589  21.2%     -   26s
H    0     0                     141.7804731  169.44589  19.5%     -   26s
H    0     0                     142.0026823  169.44589  19.3%     -   26s
H    0     0                     142.0437194  169.44589  19.3%     -   26s
H    0     0                     142.1775343  169.44589  19.2%     -   27s
H    0     0                     142.2282482  169.44589  19.1%     -   27s
H    0     0                     142.5686187  169.44589  18.9%     -   27s
     0     2  169.44570    0 3570  142.56862  169.44570  18.9%     -   27s
   226   228  161.83492  202 1101  142.56862  163.94780  15.0%  95.7   30s
H  439   433                     154.7028782  163.94780  5.98%  62.8   31s
H  439   433                     155.3459386  163.94780  5.54%  62.8   31s
H  439   433                     156.1340842  163.94780  5.00%  62.8   32s
H  708   698                     157.2249198  163.94780  4.28%  45.9   33s
   730   704  159.30604  447 2857  157.22492  163.94779  4.28%  45.4   44s
   732   705  161.00301  233 1903  157.22492  163.94779  4.28%  45.2   46s
H  750   680                     157.4520259  163.94779  4.13%  44.1   49s
   756   684  157.49491  611 3082  157.45203  163.94779  4.13%  43.8   50s
H  757   651                     157.8382135  163.94779  3.87%   108   51s
H  784   632                     158.8373158  163.94779  3.22%   122   52s
H  811   618                     159.4032521  163.94779  2.85%   120   53s
   940   706  162.79208  104  895  159.40325  163.94779  2.85%   116   55s
H 1065   754                     159.4032522  163.94779  2.85%   109   56s
H 1259   822                     159.4032525  163.94779  2.85%   105   58s
  1439   885  163.56052   23 1100  159.40325  163.94779  2.85%   100   60s
  1972  1125  163.72208   23 1250  159.40325  163.94779  2.85%  90.7   65s
  2353  1334  160.92542  215  691  159.40325  163.94779  2.85%  84.6   70s
  2925  1735  162.29060   43  955  159.40325  163.94779  2.85%  78.2   75s
  3528  2154  161.57557   40 1035  159.40325  163.94779  2.85%  73.1   80s
  4037  2566  161.84703   26 1170  159.40325  163.94040  2.85%  70.5   85s
  4576  3004  160.62043  143  739  159.40325  163.74405  2.72%  69.3   90s
  5028  3369  161.00919  128  786  159.40325  163.70913  2.70%  67.7   95s
  5436  3710  162.26859   46 1085  159.40325  163.70804  2.70%  65.9  100s
  5995  4182  161.94463   64 1051  159.40325  163.67451  2.68%  63.4  105s
  6600  4712  160.73482  123  629  159.40325  163.61558  2.64%  61.7  110s
  7097  5089  160.89519   68  751  159.40325  163.60318  2.63%  61.3  115s
  7704  5580  163.19829   18 1226  159.40325  163.54120  2.60%  60.3  120s
  8166  5917  160.57767   97  616  159.40325  163.52152  2.58%  61.0  125s
H 8253  5990                     159.4032525  163.51235  2.58%  61.1  126s
  8580  6246  162.02905   58 1045  159.40325  163.48566  2.56%  60.6  130s
  9119  6647  161.32612   74  907  159.40325  163.47338  2.55%  60.4  135s
  9630  7057  162.08820   35 1221  159.40325  163.46734  2.55%  59.6  140s
 10137  7458  160.41567   93  720  159.40325  163.42443  2.52%  59.6  145s
 10202  7507  159.82201  133  613  159.40325  163.42443  2.52%  59.3  164s
 10267  7540  160.47815   43  959  159.40325  163.40224  2.51%  59.6  165s
 10789  7952  162.49825   29 1189  159.40325  163.36656  2.49%  59.7  170s
 11292  8335  161.73617   62  886  159.40325  163.34850  2.48%  60.2  175s
 11871  8780  160.25003   81  797  159.40325  163.32272  2.46%  60.5  180s
 12402  9173  159.66381  118  883  159.40325  163.28947  2.44%  60.6  185s
 12940  9606  160.44917   51  884  159.40325  163.28176  2.43%  60.7  190s
 13372  9928  161.04296   78  915  159.40325  163.23871  2.41%  61.0  195s
 13902 10299  162.23747   57 1105  159.40325  163.22014  2.39%  61.1  200s
 14412 10665  159.81711   74  920  159.40325  163.19515  2.38%  61.4  205s
 14798 10940  159.75442  102  915  159.40325  163.17630  2.37%  62.2  210s
 15303 11288  160.88392   57  955  159.40325  163.13805  2.34%  62.2  216s
 15694 11552     cutoff   90       159.40325  163.11352  2.33%  62.6  220s
 16285 12006  161.57240   57  966  159.40325  163.05377  2.29%  62.5  225s
 16724 12287  161.50590   61  873  159.40325  163.02593  2.27%  62.8  230s
 17344 12752  161.38645   41 1027  159.40325  163.00913  2.26%  62.6  235s
 17923 13191  159.90173   49  971  159.40325  163.00299  2.26%  62.5  240s
 18473 13537  160.19231  109  927  159.40325  162.99943  2.26%  62.5  245s
 19046 13877  160.73626   84  879  159.40325  162.95712  2.23%  62.7  250s
 19636 14301  160.77146   44  946  159.40325  162.94747  2.22%  62.8  255s
 20197 14677  160.06841   77  967  159.40325  162.93487  2.22%  63.0  260s
 20586 14958  159.89463   95  778  159.40325  162.93232  2.21%  63.3  265s
 20923 15186  160.72546   69  917  159.40325  162.90970  2.20%  63.4  270s
 21506 15621  159.52669   77  947  159.40325  162.89045  2.19%  63.3  275s
 22050 16027  159.62224   97  671  159.40325  162.88005  2.18%  63.5  280s
 22620 16405  161.82659   92 1129  159.40325  162.86813  2.17%  63.8  285s
 23206 16771  162.00644   90 1056  159.40325  162.86813  2.17%  64.1  290s
 23818 17224  160.09021   76  720  159.40325  162.85225  2.16%  63.9  295s
 24307 17572  161.97942   79 1156  159.40325  162.83015  2.15%  64.2  300s
 24839 17892  159.96969  104  861  159.40325  162.82533  2.15%  64.7  305s
 25505 18382     cutoff   31       159.40325  162.81673  2.14%  64.2  310s
 25957 18695  160.08804   96  749  159.40325  162.80782  2.14%  64.6  315s
 26587 19151  161.32001   35  984  159.40325  162.78682  2.12%  64.5  320s
 27143 19558  159.73330  102  769  159.40325  162.78258  2.12%  64.6  325s
 27731 19894  160.57413   88  811  159.40325  162.76333  2.11%  64.8  330s
 28331 20284  162.23388   37 1147  159.40325  162.75892  2.11%  65.1  335s
H28516 20435                     159.4032526  162.75892  2.11%  65.0  336s
H28517 20436                     159.4032526  162.75892  2.11%  65.0  337s
H28517 20436                     159.4032535  162.75892  2.11%  65.0  337s
H28572 20462                     159.4032539  162.75892  2.11%  65.1  339s
H28572 20462                     159.4032539  162.75892  2.11%  65.1  340s
H28599 20489                     159.4032557  162.75892  2.11%  65.1  340s
H28599 20489                     159.4032557  162.75892  2.11%  65.1  341s
 28996 20802  159.50216   67  967  159.40326  162.75294  2.10%  65.1  345s
 29591 21193  162.00721   33 1207  159.40326  162.73526  2.09%  65.0  350s
 30134 21626  159.70918  104  793  159.40326  162.73298  2.09%  65.1  355s
 30606 21966  161.15199   64  998  159.40326  162.72944  2.09%  65.4  361s
 31085 22332  161.98375   50 1118  159.40326  162.72264  2.08%  65.4  365s
 31714 22769  161.98185   27 1149  159.40326  162.71063  2.07%  65.5  370s
 32312 23237  160.00226   56 1036  159.40326  162.69047  2.06%  65.6  375s
 32841 23606     cutoff   70       159.40326  162.68335  2.06%  66.0  380s
 33281 23891  161.73390   33  921  159.40326  162.67376  2.05%  66.3  385s
 33892 24344  159.51065   38 1067  159.40326  162.66941  2.05%  66.3  390s
 34465 24777  159.55353   80  645  159.40326  162.65190  2.04%  66.5  395s
 35043 25159  159.99486   28 1102  159.40326  162.64028  2.03%  66.8  400s
 35521 25488  160.83210   36 1211  159.40326  162.63181  2.03%  66.9  405s
 35901 25773  160.99065   45  868  159.40326  162.62932  2.02%  67.0  410s
 36522 26209  162.06104   39 1069  159.40326  162.61625  2.02%  67.1  415s
 37102 26605  161.94321   34 1159  159.40326  162.59753  2.00%  67.3  420s
 37686 27030  160.41242   55  918  159.40326  162.58500  2.00%  67.5  425s
 38123 27349  159.81401   61  769  159.40326  162.58044  1.99%  67.6  430s
 38605 27647  160.34247   42  821  159.40326  162.57685  1.99%  67.7  435s
 39184 28077  159.54735   88  810  159.40326  162.55991  1.98%  67.9  440s
 39779 28488  159.62092  118  815  159.40326  162.54500  1.97%  68.1  445s
 40342 28866  161.69958   44 1047  159.40326  162.53812  1.97%  68.2  450s
 40834 29192  160.53678   40  973  159.40326  162.52705  1.96%  68.1  455s
 41351 29601 infeasible   68       159.40326  162.52660  1.96%  68.2  460s
 41966 30062  161.47132   41 1042  159.40326  162.51909  1.95%  68.2  465s
 42436 30364  159.50377  124  715  159.40326  162.50811  1.95%  68.6  470s
 42973 30735  161.89294   29 1110  159.40326  162.50118  1.94%  68.8  475s
 43588 31196  161.38093   40  989  159.40326  162.49933  1.94%  69.0  480s
 44178 31647  160.07022   58  817  159.40326  162.49384  1.94%  69.2  485s
 44692 31992  159.99465  127  873  159.40326  162.49186  1.94%  69.4  490s
 45221 32356  160.25226   55  981  159.40326  162.47956  1.93%  69.6  495s
 45770 32725  159.79917   97  893  159.40326  162.47313  1.93%  69.8  500s
 46153 32993  160.87631   38 1191  159.40326  162.46544  1.92%  69.9  505s
 46612 33303  159.62558   36  880  159.40326  162.45195  1.91%  70.1  510s
 47147 33652  160.37641   59  837  159.40326  162.44389  1.91%  70.4  515s
 47579 33894  161.15260   35  899  159.40326  162.43594  1.90%  70.5  520s
 48176 34325  160.84150   43 1242  159.40326  162.42362  1.89%  70.5  525s
 48703 34612  161.50598   54 1033  159.40326  162.41183  1.89%  70.8  530s
 49321 35045     cutoff   95       159.40326  162.40217  1.88%  70.7  535s
 49820 35272  159.72175  149  701  159.40326  162.39931  1.88%  71.1  540s
 50298 35565  159.99684   71  793  159.40326  162.39100  1.87%  71.4  545s
 50818 35896  161.47427   44 1092  159.40326  162.38409  1.87%  71.7  550s
 51289 36238  160.31966   51  862  159.40326  162.38145  1.87%  71.6  555s
 51875 36616 infeasible   94       159.40326  162.37795  1.87%  71.7  560s
 52427 36972  159.59305   65  859  159.40326  162.37139  1.86%  71.7  565s
 53091 37449  161.70348   45 1064  159.40326  162.36623  1.86%  71.6  570s
 53643 37830  159.82325   70  779  159.40326  162.35833  1.85%  71.6  575s
 54117 38120  160.95900   69  803  159.40326  162.35310  1.85%  72.0  580s
 54679 38521  161.84501   29 1152  159.40326  162.34695  1.85%  72.0  585s
 55237 38877  161.06187   41 1164  159.40326  162.34201  1.84%  72.1  590s
 55838 39301  159.62675   57  816  159.40326  162.33375  1.84%  72.1  595s
 56165 39476  160.74920   48  974  159.40326  162.33037  1.84%  72.3  600s
 56707 39873  161.22233   30 1001  159.40326  162.32558  1.83%  72.3  605s
 57209 40225 infeasible   85       159.40326  162.32224  1.83%  72.3  610s
Created node file directory 'node_files\s20_ts0/grbnodes0'
 57775 40575  160.41280   45 1084  159.40326  162.31655  1.83%  72.4  615s
 58233 40840  159.47334   73  872  159.40326  162.31163  1.82%  72.5  620s
 58772 41196  161.43331   57 1111  159.40326  162.30613  1.82%  72.6  625s
 59249 41535  160.87370   52  893  159.40326  162.30435  1.82%  72.7  630s
 59747 41838  159.94736   52  824  159.40326  162.30308  1.82%  72.8  635s
H60258 42191                     159.4032560  162.29903  1.82%  72.8  640s
 60286 42205  161.30481   30  960  159.40326  162.29896  1.82%  72.8  646s
 60452 42314  161.29488   42 1109  159.40326  162.29814  1.82%  72.8  650s
 60863 42567  160.19253   57  936  159.40326  162.29357  1.81%  72.9  655s
 61212 42804     cutoff   48       159.40326  162.29028  1.81%  73.0  660s
 61472 42990  159.66388  114  821  159.40326  162.28828  1.81%  73.1  665s
 61990 43284  159.63836   64  916  159.40326  162.28399  1.81%  73.2  670s
 62502 43610  160.38800   59  920  159.40326  162.27715  1.80%  73.4  675s
 63007 44014  160.06207   80  641  159.40326  162.27407  1.80%  73.3  680s
 63518 44242  161.01824   45  943  159.40326  162.27356  1.80%  73.1  685s
 64062 44438  161.45697   34 1021  159.40326  162.27056  1.80%  73.1  690s
 64617 44852  159.68126   30 1085  159.40326  162.26964  1.80%  73.0  695s
 65259 45049     cutoff   34       159.40326  162.26850  1.80%  72.7  700s
 65878 45267  160.18558   78  675  159.40326  162.26616  1.80%  72.6  705s
 66313 45476  160.52343   43  986  159.40326  162.26482  1.80%  72.5  711s
 66672 45577  159.61272   53  958  159.40326  162.26482  1.80%  72.6  715s
 67261 45707  159.53506   90  779  159.40326  162.26425  1.79%  72.6  720s
 68063 46135     cutoff   88       159.40326  162.26416  1.79%  72.3  725s
 68609 46317  161.70808   41 1005  159.40326  162.26276  1.79%  72.2  730s
 69226 46448  159.60950   85  788  159.40326  162.26213  1.79%  72.0  735s
 69799 46873     cutoff   78       159.40326  162.26111  1.79%  71.8  740s
 70235 46979  159.91485   77  684  159.40326  162.25694  1.79%  71.8  745s
 70818 47290  160.23252   91  804  159.40326  162.25446  1.79%  71.8  750s
 71360 47591  159.45078   74  773  159.40326  162.25427  1.79%  71.7  755s
 71870 47673     cutoff   35       159.40326  162.25066  1.79%  71.6  760s
 72435 47888     cutoff   48       159.40326  162.25010  1.79%  71.5  765s
 72948 48026  159.67851   59  714  159.40326  162.24832  1.78%  71.4  770s
 73430 48256  159.98467   65  783  159.40326  162.24794  1.78%  71.5  775s
 74042 48595  159.98439   81  977  159.40326  162.24697  1.78%  71.4  780s
 74619 48720  159.50214   34  956  159.40326  162.24448  1.78%  71.3  785s
 75083 48842  160.20598   59  733  159.40326  162.24392  1.78%  71.4  790s
 75688 49019  159.95369   55  866  159.40326  162.24190  1.78%  71.2  795s
 76315 49287 infeasible   78       159.40326  162.24042  1.78%  71.1  800s
 76699 49441  159.95609   48 1104  159.40326  162.23998  1.78%  71.1  805s
 77041 49530  159.56166   52  908  159.40326  162.23998  1.78%  71.1  810s
 77480 49735  159.85321   57  770  159.40326  162.23822  1.78%  71.1  815s
 77988 49892  159.72602   82  736  159.40326  162.23747  1.78%  71.0  820s
 78729 50049  160.16917   72 1003  159.40326  162.23616  1.78%  70.7  825s
 79278 50222     cutoff  113       159.40326  162.23582  1.78%  70.6  830s
 79734 50356  159.58413   59  716  159.40326  162.23425  1.78%  70.6  835s
 80222 50463  159.42537   50  853  159.40326  162.23180  1.77%  70.5  840s
 80771 50682  160.90236   83  978  159.40326  162.22924  1.77%  70.6  845s
 81324 50902  160.98161   57  889  159.40326  162.22913  1.77%  70.5  850s
 81616 51146  160.05759   96  764  159.40326  162.22880  1.77%  70.5  855s
 82102 51260  161.45682   50 1160  159.40326  162.22831  1.77%  70.4  860s
 82732 51614  159.47415   89  642  159.40326  162.22781  1.77%  70.2  865s
 83264 51755  161.61985   26 1062  159.40326  162.22485  1.77%  70.2  870s
 83680 51950  160.48448  164  747  159.40326  162.22426  1.77%  70.2  875s
 84242 52184     cutoff   92       159.40326  162.22285  1.77%  70.2  880s
 84794 52363  159.53170   63  793  159.40326  162.22229  1.77%  70.1  885s
 85307 52487  160.79526   53  847  159.40326  162.22116  1.77%  70.2  890s
 85959 52701  160.00598   45  758  159.40326  162.21984  1.77%  70.1  895s
 86464 52974  159.75552   68  748  159.40326  162.21954  1.77%  70.1  900s
 86817 53110  160.25627   42 1022  159.40326  162.21889  1.77%  70.0  905s
 87433 53258  159.75519   29 1029  159.40326  162.21797  1.77%  70.0  910s
 87952 53566  159.65139   65  672  159.40326  162.21673  1.77%  70.0  915s
 88578 53728  159.45942   84  729  159.40326  162.21513  1.76%  69.9  920s
 89067 53955  159.67315   57  855  159.40326  162.21513  1.76%  69.8  925s
 89574 54070  159.52860   40  897  159.40326  162.21513  1.76%  69.8  930s
 90088 54195  159.57291   99  799  159.40326  162.21438  1.76%  69.8  935s
 90655 54315  159.96780   53  976  159.40326  162.21322  1.76%  69.7  940s
 91154 54409  159.90242   53  922  159.40326  162.21188  1.76%  69.8  945s
 91723 54859  159.94683   95  655  159.40326  162.21120  1.76%  69.7  950s
 92202 55043  159.40592  114  627  159.40326  162.21095  1.76%  69.5  955s
 92669 55172     cutoff   73       159.40326  162.21001  1.76%  69.5  960s
 93065 55223  160.77048   38  970  159.40326  162.20582  1.76%  69.5  965s
 93562 55466  159.88573   83  805  159.40326  162.20320  1.76%  69.5  970s
 94086 55628  159.87509   40  865  159.40326  162.20273  1.76%  69.4  979s
 94103 55635 infeasible   50       159.40326  162.20273  1.76%  69.4  980s
 94487 55664  159.70806   40 1037  159.40326  162.20239  1.76%  69.5  985s
 94911 55805  159.74423   54  828  159.40326  162.20198  1.76%  69.5  990s
 95414 55944  160.42942   71  824  159.40326  162.19982  1.75%  69.5  995s
 95939 56037  159.53337   28  877  159.40326  162.19802  1.75%  69.5 1000s
 96471 56227  159.70245   47  963  159.40326  162.19539  1.75%  69.6 1005s
 96919 56359  160.67827   44  961  159.40326  162.19480  1.75%  69.5 1010s
 97392 56479  160.44246   33 1044  159.40326  162.19394  1.75%  69.5 1015s
 97942 56649  160.91298   48  909  159.40326  162.19162  1.75%  69.5 1020s
 98556 56810  161.58929   29 1063  159.40326  162.19006  1.75%  69.5 1025s
 99148 57182  160.45868   48  919  159.40326  162.18944  1.75%  69.4 1030s
 99673 57281  161.28245   37 1099  159.40326  162.18735  1.75%  69.4 1035s
 100161 57571  160.15255   31 1058  159.40326  162.18612  1.75%  69.4 1040s
 100606 57684  159.75850   56  823  159.40326  162.18604  1.75%  69.4 1045s
 101177 57827  160.06822   64  804  159.40326  162.18604  1.75%  69.3 1050s
 101731 58099     cutoff   55       159.40326  162.18564  1.75%  69.2 1055s

Gurobi 12.0.1 (win64) logging started Wed Dec 17 20:10:50 2025

Set parameter LogFile to value "data\dblrp\grb_log_ef_s20_ts0_f10_c10_r2.0_iss1_bt1_nsp2000_nse500_sd7.log"
Set parameter NodefileStart to value 0.5
Set parameter NodefileDir to value "node_files\s20_ts0"
Set parameter MIPGap to value 0.01
Set parameter TimeLimit to value 360
Set parameter Threads to value 1
Gurobi Optimizer version 12.0.1 build v12.0.1rc0 (win64 - Windows 11.0 (26100.2))

CPU model: Intel(R) Core(TM) i9-14900K, instruction set [SSE2|AVX|AVX2]
Thread count: 24 physical cores, 32 logical processors, using up to 1 threads

Non-default parameters:
TimeLimit  360
MIPGap  0.01
NodefileStart  0.5
Threads  1

Optimize a model with 15135401 rows, 5061810 columns and 42575010 nonzeros
Model fingerprint: 0x8134ee0a
Variable types: 0 continuous, 5061810 integer (5040010 binary)
Coefficient statistics:
  Matrix range     [1e+00, 7e+01]
  Objective range  [5e-01, 1e+01]
  Bounds range     [1e+00, 4e+01]
  RHS range        [1e+00, 7e+01]
Presolve removed 15085967 rows and 4988647 columns
Presolve time: 4.51s
Presolved: 49434 rows, 73163 columns, 360010 nonzeros
Variable types: 0 continuous, 73163 integer (61930 binary)
Found heuristic solution: objective -20.0000000
Performing another presolve...
Presolve removed 41376 rows and 24479 columns
Presolve time: 1.07s

Root simplex log...

Iteration    Objective       Primal Inf.    Dual Inf.      Time
       0    9.0481410e+03   2.289000e+04   0.000000e+00      9s
   23250    1.7481810e+02   0.000000e+00   0.000000e+00     10s

Root relaxation: objective 1.748181e+02, 23250 iterations, 0.62 seconds (1.44 work units)
Total elapsed time = 9.66s (DegenMoves)

    Nodes    |    Current Node    |     Objective Bounds      |     Work
 Expl Unexpl |  Obj  Depth IntInf | Incumbent    BestBd   Gap | It/Node Time

     0     0  174.81810    0 2404  -20.00000  174.81810   974%     -   10s
     0     0  174.65702    0 2509  -20.00000  174.65702   973%     -   10s
     0     0  173.10115    0 2508  -20.00000  173.10115   966%     -   10s
     0     0  172.69169    0 2546  -20.00000  172.69169   963%     -   10s
     0     0  172.65261    0 2533  -20.00000  172.65261   963%     -   10s
     0     0  172.65261    0 2530  -20.00000  172.65261   963%     -   10s
H    0     0                      17.6986328  172.65261   876%     -   10s
H    0     0                      20.5966983  172.65261   738%     -   10s
H    0     0                      32.2799814  172.65261   435%     -   11s
     0     0  172.27481    0 2681   32.27998  172.27481   434%     -   11s
     0     0  172.22799    0 2653   32.27998  172.22799   434%     -   11s
     0     0  172.22749    0 2670   32.27998  172.22749   434%     -   11s
     0     0  172.22256    0 2664   32.27998  172.22256   434%     -   11s
H    0     0                      40.3167566  172.20950   327%     -   11s
H    0     0                      47.0249228  172.20950   266%     -   11s
H    0     0                      60.6870565  172.20950   184%     -   12s
H    0     0                      61.5679976  172.20950   180%     -   12s
H    0     0                      64.2158757  172.20950   168%     -   12s
H    0     0                      66.8876138  172.20950   157%     -   12s
H    0     0                      67.1565972  172.20950   156%     -   13s
H    0     0                      72.6294453  172.20950   137%     -   13s
     0     0  172.20929    0 2666   72.62945  172.20929   137%     -   13s
     0     0  171.69104    0 2726   72.62945  171.69104   136%     -   13s
     0     0  171.68858    0 2726   72.62945  171.68858   136%     -   13s
     0     0  171.68858    0 2727   72.62945  171.68858   136%     -   13s
H    0     0                     112.0456835  171.68221  53.2%     -   13s
H    0     0                     113.1228122  171.68221  51.8%     -   14s
H    0     0                     114.0749361  171.68221  50.5%     -   14s
H    0     0                     114.9558773  171.68221  49.3%     -   14s
H    0     0                     122.2876760  171.68221  40.4%     -   14s
H    0     0                     123.7720298  171.68221  38.7%     -   15s
     0     0  171.63545    0 2705  123.77203  171.63545  38.7%     -   15s
     0     0  171.63545    0 2702  123.77203  171.63545  38.7%     -   15s
     0     0  171.31766    0 2747  123.77203  171.31766  38.4%     -   15s
     0     0  171.31151    0 2714  123.77203  171.31151  38.4%     -   15s
     0     0  171.31110    0 2711  123.77203  171.31110  38.4%     -   15s
H    0     0                     125.0341743  171.31110  37.0%     -   15s
     0     0  171.28575    0 2731  125.03417  171.28575  37.0%     -   15s
     0     0  171.28429    0 2732  125.03417  171.28429  37.0%     -   15s
     0     0  171.28350    0 2724  125.03417  171.28350  37.0%     -   15s
     0     0  170.95876    0 2805  125.03417  170.95876  36.7%     -   15s
     0     0  170.95876    0 2799  125.03417  170.95876  36.7%     -   15s
     0     0  170.84984    0 2838  125.03417  170.84984  36.6%     -   16s
     0     0  170.84984    0 2820  125.03417  170.84984  36.6%     -   16s
     0     0  170.68699    0 2887  125.03417  170.68699  36.5%     -   16s
     0     0  170.68699    0 2896  125.03417  170.68699  36.5%     -   16s
H    0     0                     125.7475597  170.68699  35.7%     -   16s
     0     0  170.63493    0 2935  125.74756  170.63493  35.7%     -   16s
     0     0  170.63443    0 2920  125.74756  170.63443  35.7%     -   16s
     0     0  170.62367    0 2971  125.74756  170.62367  35.7%     -   16s
     0     0  170.62327    0 2981  125.74756  170.62327  35.7%     -   16s
     0     0  170.49095    0 3004  125.74756  170.49095  35.6%     -   16s
     0     0  170.49095    0 3008  125.74756  170.49095  35.6%     -   17s
H    0     0                     131.7350348  170.49095  29.4%     -   17s
     0     0  170.47719    0 3088  131.73503  170.47719  29.4%     -   17s
     0     0  170.47487    0 3119  131.73503  170.47487  29.4%     -   17s
     0     0  170.47223    0 3126  131.73503  170.47223  29.4%     -   17s
     0     0  170.35650    0 3060  131.73503  170.35650  29.3%     -   17s
     0     0  170.35650    0 3061  131.73503  170.35650  29.3%     -   17s
H    0     0                     132.2758096  170.35650  28.8%     -   18s
H    0     0                     133.4969170  170.35650  27.6%     -   18s
     0     0  170.35584    0 3066  133.49692  170.35584  27.6%     -   18s
     0     0  170.35297    0 3150  133.49692  170.35297  27.6%     -   18s
     0     0  170.35297    0 3146  133.49692  170.35297  27.6%     -   18s
     0     0  170.24965    0 3173  133.49692  170.24965  27.5%     -   18s
     0     0  170.24164    0 3174  133.49692  170.24164  27.5%     -   18s
     0     0  170.23592    0 3164  133.49692  170.23592  27.5%     -   18s
     0     0  170.23572    0 3202  133.49692  170.23572  27.5%     -   18s
     0     0  170.03298    0 3250  133.49692  170.03298  27.4%     -   18s
     0     0  170.03298    0 3261  133.49692  170.03298  27.4%     -   18s
     0     0  170.02329    0 3299  133.49692  170.02329  27.4%     -   18s
     0     0  170.01971    0 3327  133.49692  170.01971  27.4%     -   18s
     0     0  170.01962    0 3328  133.49692  170.01962  27.4%     -   19s
     0     0  169.93797    0 3324  133.49692  169.93797  27.3%     -   19s
     0     0  169.93795    0 3324  133.49692  169.93795  27.3%     -   19s
     0     0  169.92688    0 3333  133.49692  169.92688  27.3%     -   19s
     0     0  169.92620    0 3359  133.49692  169.92620  27.3%     -   19s
     0     0  169.88010    0 3384  133.49692  169.88010  27.3%     -   19s
     0     0  169.87912    0 3436  133.49692  169.87912  27.3%     -   19s
     0     0  169.87651    0 3442  133.49692  169.87651  27.3%     -   19s
     0     0  169.87648    0 3451  133.49692  169.87648  27.3%     -   19s
     0     0  169.84591    0 3378  133.49692  169.84591  27.2%     -   19s
     0     0  169.84591    0 3378  133.49692  169.84591  27.2%     -   19s
     0     0  169.84591    0 3378  133.49692  169.84591  27.2%     -   19s
     0     0  169.83310    0 3489  133.49692  169.83310  27.2%     -   19s
     0     0  169.83310    0 3490  133.49692  169.83310  27.2%     -   19s
     0     0  169.82927    0 3512  133.49692  169.82927  27.2%     -   19s
     0     0  169.82901    0 3474  133.49692  169.82901  27.2%     -   20s
     0     0  169.78951    0 3469  133.49692  169.78951  27.2%     -   20s
     0     0  169.78873    0 3529  133.49692  169.78873  27.2%     -   20s
     0     0  169.76503    0 3495  133.49692  169.76503  27.2%     -   20s
     0     0  169.76044    0 3549  133.49692  169.76044  27.2%     -   20s
     0     0  169.75949    0 3597  133.49692  169.75949  27.2%     -   20s
     0     0  169.75930    0 3613  133.49692  169.75930  27.2%     -   20s
     0     0  169.71680    0 3564  133.49692  169.71680  27.1%     -   20s
     0     0  169.70623    0 3599  133.49692  169.70623  27.1%     -   20s
     0     0  169.70620    0 3618  133.49692  169.70620  27.1%     -   21s
     0     0  169.65268    0 3613  133.49692  169.65268  27.1%     -   21s
     0     0  169.64985    0 3655  133.49692  169.64985  27.1%     -   21s
     0     0  169.64865    0 3673  133.49692  169.64865  27.1%     -   21s
     0     0  169.64860    0 3691  133.49692  169.64860  27.1%     -   21s
     0     0  169.62633    0 3729  133.49692  169.62633  27.1%     -   21s
     0     0  169.62029    0 3746  133.49692  169.62029  27.1%     -   21s
     0     0  169.61998    0 3753  133.49692  169.61998  27.1%     -   21s
     0     0  169.61109    0 3716  133.49692  169.61109  27.1%     -   21s
H    0     0                     139.2465795  169.61109  21.8%     -   22s
H    0     0                     140.3374151  169.61109  20.9%     -   22s
H    0     0                     142.6738659  169.61109  18.9%     -   23s
H    0     0                     150.7717949  169.61109  12.5%     -   23s
H    0     0                     150.9952331  169.61109  12.3%     -   23s
H    0     0                     151.5201323  169.61109  11.9%     -   23s
H    0     0                     152.8742142  169.61109  10.9%     -   24s
H    0     0                     154.3054203  169.61109  9.92%     -   24s
     0     0  169.61047    0 3768  154.30542  169.61047  9.92%     -   24s
     0     0  169.58547    0 3745  154.30542  169.58547  9.90%     -   24s
H    0     0                     154.5686666  169.58547  9.72%     -   25s
     0     0  169.58490    0 3806  154.56867  169.58490  9.71%     -   25s
     0     0  169.55207    0 3780  154.56867  169.55207  9.69%     -   25s
     0     0  169.54679    0 3783  154.56867  169.54679  9.69%     -   25s
     0     0  169.54676    0 3781  154.56867  169.54676  9.69%     -   25s
     0     0  169.52674    0 3764  154.56867  169.52674  9.68%     -   25s
H    0     0                     155.0935659  169.52632  9.31%     -   25s
     0     0  169.52423    0 3771  155.09357  169.52423  9.30%     -   25s
     0     0  169.52337    0 3787  155.09357  169.52337  9.30%     -   25s
     0     0  169.51789    0 3786  155.09357  169.51789  9.30%     -   26s
     0     0  169.51789    0 3612  155.09357  169.51789  9.30%     -   26s
     0     2  169.43350    0 3598  155.09357  169.43350  9.25%     -   26s
   371   369  159.66620  317  606  155.09357  163.74597  5.58%  53.2   30s
H  630   260                     160.1913977  163.74597  2.22%  37.9   31s
   639   256  161.95941  135 2876  160.19140  163.74597  2.22%  37.6   35s
   663   272  163.71771   19 3195  160.19140  163.74597  2.22%  36.2   40s
H  775   323                     160.1913982  163.25106  1.91%   112   44s
   835   365  162.02190   97  936  160.19140  163.25106  1.91%   112   45s
  1320   521  160.93898   83  957  160.19140  163.24715  1.91%  91.6   50s
  1675   772  161.17814  151  684  160.19140  163.23785  1.90%  91.4   55s
  2217  1108  161.96640   87  695  160.19140  163.23687  1.90%  80.4   60s
  2807  1482  161.50957  110  739  160.19140  163.22629  1.89%  73.8   65s
H 3425  1885                     160.1913984  163.22457  1.89%  69.6   70s
  3832  2218  160.86557  145  562  160.19140  163.19888  1.88%  70.1   75s
  4412  2758  160.38291  332  210  160.19140  163.18227  1.87%  65.0   80s
  4924  3236  160.38291  358  423  160.19140  163.18227  1.87%  61.4   85s
  5516  3752  162.66914   30 1101  160.19140  163.17707  1.86%  58.1   90s
  6190  4375  160.96752   91  707  160.19140  163.17707  1.86%  55.4   95s
  6719  4805  161.93927   29 1274  160.19140  163.11157  1.82%  54.6  100s
  7313  5314  162.43341   32 1209  160.19140  163.11057  1.82%  53.1  105s
  7765  5614  160.50914   62  902  160.19140  163.05512  1.79%  53.4  110s
  8320  6080  160.38291  292  183  160.19140  163.03293  1.77%  51.9  115s
  8890  6496  160.38291  190  409  160.19140  162.99914  1.75%  52.2  120s
  9477  6876  160.56126  169  599  160.19140  162.98237  1.74%  51.9  125s
 10202  7510  162.50701   39 1089  160.19140  162.96832  1.73%  49.6  146s
 10555  7802  160.78515   42  898  160.19140  162.95291  1.72%  49.5  150s
 10936  8041  161.54495   60  974  160.19140  162.94476  1.72%  51.7  155s
 11411  8337  160.50888   28 1143  160.19140  162.93606  1.71%  53.9  160s
 11854  8666  160.59451   35 1088  160.19140  162.91008  1.70%  55.6  165s
 12352  9104  160.38291  442  103  160.19140  162.89907  1.69%  55.2  170s
 12867  9519  160.46679  125  473  160.19140  162.89719  1.69%  55.9  175s
 13670 10220  160.28915   50  742  160.19140  162.88970  1.68%  54.4  180s
 14300 10776  161.84170   38 1102  160.19140  162.88502  1.68%  54.0  185s
 14827 11170  161.42332   48  834  160.19140  162.87938  1.68%  54.1  190s
 15139 11388  161.09863   68  908  160.19140  162.85555  1.66%  55.8  195s
 15515 11627  160.38291  211   54  160.19140  162.85486  1.66%  56.8  200s
H15784 11777                     160.1913987  162.84442  1.66%  57.2  203s
 15798 11785  160.37076   51  854  160.19140  162.84442  1.66%  57.1  205s
 16110 11986  160.37259   51  690  160.19140  162.83420  1.65%  57.7  210s
 16616 12354  160.38291  288  185  160.19140  162.82231  1.64%  57.8  215s
 16973 12628  161.05240   94  749  160.19140  162.81556  1.64%  58.7  220s
 17423 12958  161.35182   48 1161  160.19140  162.79755  1.63%  59.2  225s
 17884 13271  161.03819   61  721  160.19140  162.79376  1.62%  59.9  230s
 18352 13623  160.41834   32 1081  160.19140  162.78421  1.62%  60.2  235s
 19018 14233  160.38291  230  211  160.19140  162.77896  1.62%  59.6  240s
 19335 14428  160.56083   86  546  160.19140  162.77016  1.61%  60.7  245s
 19757 14743  160.38291   91  324  160.19140  162.75966  1.60%  61.1  250s
 20146 15051  160.38291  124  423  160.19140  162.75913  1.60%  61.8  255s
 20558 15381  160.72073  116  646  160.19140  162.75678  1.60%  61.9  260s
 20995 15710  160.38291   89  324  160.19140  162.75632  1.60%  62.2  265s
 21675 16150  161.70376   62  920  160.19140  162.74972  1.60%  61.3  270s
 22128 16504  161.52094   66  948  160.19140  162.74617  1.59%  61.7  275s
 22562 16855  160.45425  142  466  160.19140  162.73916  1.59%  62.0  280s
 22970 17116  160.38291  135  364  160.19140  162.72961  1.58%  62.3  285s
 23455 17479  160.73898   86  778  160.19140  162.72378  1.58%  62.4  290s
 23859 17786  160.96551   40  858  160.19140  162.71706  1.58%  62.7  295s
 24457 18290  160.38291  101  503  160.19140  162.70815  1.57%  62.3  300s
 24880 18616  160.67753   80  676  160.19140  162.69421  1.56%  62.7  305s
 25321 18930  161.19366   89  842  160.19140  162.69154  1.56%  63.0  310s
 25612 19138  161.57312   33 1222  160.19140  162.68474  1.56%  63.2  315s
 26142 19553  160.19733   51  914  160.19140  162.67906  1.55%  63.0  320s
 26758 20026  160.38291  122  509  160.19140  162.67505  1.55%  62.9  325s
 27286 20425  162.27503   49 1229  160.19140  162.66311  1.54%  63.2  330s
 27643 20653  161.68274   41 1067  160.19140  162.65067  1.54%  64.0  335s
 28131 20991  160.67170   50  857  160.19140  162.64475  1.53%  64.1  340s
 28628 21387  160.77631   93  741  160.19140  162.63535  1.53%  64.1  345s
 29102 21695  160.88060   46  876  160.19140  162.61831  1.52%  64.5  350s
 29557 22037  161.59154   44  852  160.19140  162.61058  1.51%  65.0  355s

Cutting planes:
  Gomory: 24
  Cover: 51
  Implied bound: 2
  Clique: 178
  MIR: 24
  StrongCG: 1
  Flow cover: 57
  GUB cover: 21
  Inf proof: 2
  Zero half: 751
  Relax-and-lift: 1

Explored 29961 nodes (2034849 simplex iterations) in 361.00 seconds (611.39 work units)
Thread count was 1 (of 32 available processors)

Solution count 10: 160.191 160.191 160.191 ... 150.995

Time limit reached
Warning: max constraint violation (9.7833e-06) exceeds tolerance
Best objective 1.601913987117e+02, best bound 1.625932736678e+02, gap 1.4994%

User-callback calls 106175, time in user-callback 6.75 sec

Gurobi 12.0.1 (win64) logging started Wed Dec 17 21:25:16 2025

Set parameter LogFile to value "data\dblrp\grb_log_ef_s20_ts0_f10_c10_r2.0_iss1_bt1_nsp2000_nse500_sd7.log"
Set parameter NodefileStart to value 0.5
Set parameter NodefileDir to value "node_files\s20_ts0"
Set parameter MIPGap to value 0.01
Set parameter TimeLimit to value 360
Set parameter Threads to value 1
Gurobi Optimizer version 12.0.1 build v12.0.1rc0 (win64 - Windows 11.0 (26100.2))

CPU model: Intel(R) Core(TM) i9-14900K, instruction set [SSE2|AVX|AVX2]
Thread count: 24 physical cores, 32 logical processors, using up to 1 threads

Non-default parameters:
TimeLimit  360
MIPGap  0.01
NodefileStart  0.5
Threads  1

Optimize a model with 15135401 rows, 5061810 columns and 42575010 nonzeros
Model fingerprint: 0xd20f3f6e
Variable types: 0 continuous, 5061810 integer (5040010 binary)
Coefficient statistics:
  Matrix range     [1e+00, 7e+01]
  Objective range  [5e-01, 1e+01]
  Bounds range     [1e+00, 4e+01]
  RHS range        [1e+00, 7e+01]
Presolve removed 15086238 rows and 4988918 columns
Presolve time: 4.46s
Presolved: 49163 rows, 72892 columns, 358516 nonzeros
Variable types: 0 continuous, 72892 integer (61681 binary)
Found heuristic solution: objective -20.0000000
Performing another presolve...
Presolve removed 41163 rows and 24554 columns
Presolve time: 1.09s

Root simplex log...

Iteration    Objective       Primal Inf.    Dual Inf.      Time
       0    8.9034516e+03   2.254588e+04   0.000000e+00      9s
   24556    1.7498400e+02   0.000000e+00   0.000000e+00     10s

Root relaxation: objective 1.749840e+02, 24556 iterations, 0.65 seconds (1.51 work units)
Total elapsed time = 9.57s (DegenMoves)
Total elapsed time = 10.01s (DegenMoves)

    Nodes    |    Current Node    |     Objective Bounds      |     Work
 Expl Unexpl |  Obj  Depth IntInf | Incumbent    BestBd   Gap | It/Node Time

     0     0  174.98400    0 1790  -20.00000  174.98400   975%     -   10s
     0     0  174.70081    0 1888  -20.00000  174.70081   974%     -   10s
     0     0  174.09105    0 2049  -20.00000  174.09105   970%     -   10s
     0     0  173.97771    0 2068  -20.00000  173.97771   970%     -   10s
     0     0  173.89195    0 2586  -20.00000  173.89195   969%     -   10s
     0     0  173.89195    0 2571  -20.00000  173.89195   969%     -   10s
     0     0  173.89195    0 2576  -20.00000  173.89195   969%     -   10s
     0     0  173.89195    0 2569  -20.00000  173.89195   969%     -   10s
H    0     0                      51.6253550  173.89195   237%     -   10s
H    0     0                      54.6511957  173.89195   218%     -   11s
H    0     0                      84.2485313  173.89195   106%     -   11s
H    0     0                     113.5112757  173.89195  53.2%     -   11s
H    0     0                     114.0772120  173.89195  52.4%     -   11s
     0     0  173.67689    0 2616  114.07721  173.67689  52.2%     -   12s
     0     0  173.61977    0 2591  114.07721  173.61977  52.2%     -   12s
H    0     0                     114.7734202  173.61743  51.3%     -   12s
H    0     0                     116.4564240  173.61743  49.1%     -   12s
H    0     0                     117.7601630  173.61743  47.4%     -   12s
H    0     0                     119.4889925  173.61743  45.3%     -   13s
H    0     0                     120.2023778  173.61743  44.4%     -   13s
H    0     0                     120.5425441  173.61743  44.0%     -   13s
H    0     0                     121.0674433  173.61743  43.4%     -   13s
     0     0  173.41542    0 2629  121.06744  173.41542  43.2%     -   13s
     0     0  173.41542    0 2633  121.06744  173.41542  43.2%     -   13s
     0     0  173.41189    0 2631  121.06744  173.41189  43.2%     -   13s
     0     0  173.23603    0 2707  121.06744  173.23603  43.1%     -   14s
     0     0  173.23603    0 2715  121.06744  173.23603  43.1%     -   14s
     0     0  173.23603    0 2709  121.06744  173.23603  43.1%     -   14s
H    0     0                     124.5610501  173.23603  39.1%     -   14s
     0     0  172.79511    0 2743  124.56105  172.79511  38.7%     -   14s
     0     0  172.79511    0 2756  124.56105  172.79511  38.7%     -   14s
     0     0  172.79511    0 2754  124.56105  172.79511  38.7%     -   14s
     0     0  172.79105    0 2764  124.56105  172.79105  38.7%     -   14s
     0     0  172.78886    0 2783  124.56105  172.78886  38.7%     -   14s
     0     0  172.48404    0 2741  124.56105  172.48404  38.5%     -   14s
     0     0  172.48074    0 2727  124.56105  172.48074  38.5%     -   14s
     0     0  172.48074    0 2727  124.56105  172.48074  38.5%     -   14s
     0     0  172.47137    0 2766  124.56105  172.47137  38.5%     -   14s
     0     0  172.47137    0 2759  124.56105  172.47137  38.5%     -   14s
     0     0  172.47137    0 2755  124.56105  172.47137  38.5%     -   14s
     0     0  172.19626    0 2806  124.56105  172.19626  38.2%     -   15s
     0     0  172.19626    0 2809  124.56105  172.19626  38.2%     -   15s
H    0     0                     127.0231792  172.19626  35.6%     -   15s
     0     0  172.14375    0 2825  127.02318  172.14375  35.5%     -   15s
     0     0  172.14064    0 2827  127.02318  172.14064  35.5%     -   15s
     0     0  172.13928    0 2830  127.02318  172.13928  35.5%     -   15s
     0     0  171.88693    0 2904  127.02318  171.88693  35.3%     -   15s
     0     0  171.88556    0 2909  127.02318  171.88556  35.3%     -   15s
H    0     0                     127.5480784  171.87675  34.8%     -   16s
     0     0  171.87651    0 2903  127.54808  171.87651  34.8%     -   16s
     0     0  171.87252    0 2928  127.54808  171.87252  34.8%     -   16s
     0     0  171.87158    0 2938  127.54808  171.87158  34.8%     -   16s
     0     0  171.87158    0 2937  127.54808  171.87158  34.8%     -   16s
     0     0  171.66129    0 2988  127.54808  171.66129  34.6%     -   16s
     0     0  171.66129    0 2987  127.54808  171.66129  34.6%     -   16s
     0     0  171.61838    0 2957  127.54808  171.61838  34.6%     -   16s
     0     0  171.61698    0 2968  127.54808  171.61698  34.6%     -   16s
     0     0  171.61698    0 2966  127.54808  171.61698  34.6%     -   16s
     0     0  171.53714    0 3022  127.54808  171.53714  34.5%     -   16s
H    0     0                     127.8458716  171.53714  34.2%     -   16s
H    0     0                     128.1441605  171.53714  33.9%     -   17s
H    0     0                     129.0251016  171.53714  32.9%     -   17s
     0     0  171.52644    0 3149  129.02510  171.52644  32.9%     -   17s
     0     0  171.52644    0 3148  129.02510  171.52644  32.9%     -   17s
     0     0  171.52299    0 3069  129.02510  171.52299  32.9%     -   17s
     0     0  171.52299    0 3077  129.02510  171.52299  32.9%     -   17s
     0     0  171.30509    0 3142  129.02510  171.30509  32.8%     -   17s
     0     0  171.26099    0 3199  129.02510  171.26099  32.7%     -   17s
     0     0  171.25595    0 3212  129.02510  171.25595  32.7%     -   17s
     0     0  171.25554    0 3214  129.02510  171.25554  32.7%     -   17s
     0     0  171.14451    0 3133  129.02510  171.14451  32.6%     -   18s
     0     0  171.14281    0 3141  129.02510  171.14281  32.6%     -   18s
H    0     0                     129.2883480  171.14281  32.4%     -   18s
     0     0  171.13136    0 3266  129.28835  171.13136  32.4%     -   18s
     0     0  171.13091    0 3234  129.28835  171.13091  32.4%     -   18s
     0     0  171.01015    0 3297  129.28835  171.01015  32.3%     -   18s
H    0     0                     129.9845562  171.01015  31.6%     -   19s
H    0     0                     130.5094554  171.01015  31.0%     -   19s
H    0     0                     131.0343546  171.01015  30.5%     -   19s
H    0     0                     132.6459712  171.01015  28.9%     -   19s
H    0     0                     133.4133622  171.01015  28.2%     -   19s
H    0     0                     134.2015078  171.01015  27.4%     -   20s
H    0     0                     140.7366436  171.01015  21.5%     -   20s
H    0     0                     141.5247892  171.01015  20.8%     -   20s
H    0     0                     141.5658263  171.01015  20.8%     -   21s
H    0     0                     141.7455750  171.01015  20.6%     -   21s
H    0     0                     144.0566777  171.01015  18.7%     -   21s
     0     0  170.95879    0 3422  144.05668  170.95879  18.7%     -   21s
     0     0  170.95806    0 3464  144.05668  170.95806  18.7%     -   21s
     0     0  170.94905    0 3475  144.05668  170.94905  18.7%     -   21s
     0     0  170.94789    0 3470  144.05668  170.94789  18.7%     -   21s
H    0     0                     145.0088017  170.94789  17.9%     -   22s
H    0     0                     145.3116958  170.94789  17.6%     -   22s
H    0     0                     147.8868852  170.94789  15.6%     -   22s
     0     0  170.86489    0 3319  147.88689  170.86489  15.5%     -   22s
     0     0  170.85864    0 3409  147.88689  170.85864  15.5%     -   22s
     0     0  170.85864    0 3413  147.88689  170.85864  15.5%     -   22s
     0     0  170.85733    0 3403  147.88689  170.85733  15.5%     -   22s
     0     0  170.85722    0 3419  147.88689  170.85722  15.5%     -   22s
     0     0  170.83302    0 3423  147.88689  170.83302  15.5%     -   23s
     0     0  170.79584    0 3477  147.88689  170.79584  15.5%     -   23s
     0     0  170.79198    0 3542  147.88689  170.79198  15.5%     -   23s
     0     0  170.79191    0 3549  147.88689  170.79191  15.5%     -   23s
     0     0  170.74971    0 3483  147.88689  170.74971  15.5%     -   23s
     0     0  170.71597    0 3574  147.88689  170.71597  15.4%     -   23s
     0     0  170.71090    0 3611  147.88689  170.71090  15.4%     -   23s
     0     0  170.71084    0 3654  147.88689  170.71084  15.4%     -   23s
     0     0  170.64898    0 3659  147.88689  170.64898  15.4%     -   23s
     0     0  170.64041    0 3693  147.88689  170.64041  15.4%     -   23s
     0     0  170.63582    0 3746  147.88689  170.63582  15.4%     -   24s
     0     0  170.63582    0 3748  147.88689  170.63582  15.4%     -   24s
     0     0  170.60229    0 3647  147.88689  170.60229  15.4%     -   24s
     0     0  170.58246    0 3694  147.88689  170.58246  15.3%     -   24s
     0     0  170.57839    0 3666  147.88689  170.57839  15.3%     -   24s
     0     0  170.57813    0 3704  147.88689  170.57813  15.3%     -   24s
     0     0  170.55128    0 3719  147.88689  170.55128  15.3%     -   24s
     0     0  170.54832    0 3725  147.88689  170.54832  15.3%     -   24s
     0     0  170.54053    0 3773  147.88689  170.54053  15.3%     -   24s
     0     0  170.53974    0 3762  147.88689  170.53974  15.3%     -   24s
     0     0  170.48724    0 3738  147.88689  170.48724  15.3%     -   24s
H    0     0                     148.4528215  170.48724  14.8%     -   25s
     0     0  170.48376    0 3791  148.45282  170.48376  14.8%     -   25s
     0     0  170.48357    0 3817  148.45282  170.48357  14.8%     -   25s
     0     0  170.42990    0 3804  148.45282  170.42990  14.8%     -   25s
     0     0  170.41559    0 3845  148.45282  170.41559  14.8%     -   25s
     0     0  170.41547    0 3866  148.45282  170.41547  14.8%     -   25s
     0     0  170.34856    0 3817  148.45282  170.34856  14.7%     -   26s
     0     0  170.34365    0 3830  148.45282  170.34365  14.7%     -   26s
     0     0  170.34315    0 3873  148.45282  170.34315  14.7%     -   26s
     0     0  170.30948    0 3869  148.45282  170.30948  14.7%     -   26s
     0     0  170.29571    0 3869  148.45282  170.29571  14.7%     -   26s
     0     0  170.29472    0 3891  148.45282  170.29472  14.7%     -   26s
     0     0  170.27009    0 3879  148.45282  170.27009  14.7%     -   26s
H    0     0                     148.9777207  170.27009  14.3%     -   26s
     0     0  170.26959    0 3924  148.97772  170.26959  14.3%     -   27s
     0     0  170.25493    0 3899  148.97772  170.25493  14.3%     -   27s
     0     0  170.25493    0 3778  148.97772  170.25493  14.3%     -   27s
     0     2  170.25266    0 3778  148.97772  170.25266  14.3%     -   28s
   141   141  160.33888  117  935  148.97772  163.55341  9.78%   153   30s
H  618   614                     154.8352420  163.55341  5.63%  50.5   33s
H  618   614                     155.7415488  163.55341  5.02%  50.5   33s
   914   908  155.91993  837  496  155.74155  163.55341  5.02%  37.7   35s
   930   907  159.42902  281 2892  155.74155  163.52965  5.00%  37.3   45s
H  931   862                     156.5296944  163.52965  4.47%  37.3   46s
H  943   826                     157.0545936  163.52965  4.12%  36.8   49s
   950   830  157.05459  679 3393  157.05459  163.52965  4.12%  36.6   50s
H  955   792                     157.4062087  163.52965  3.89%  82.7   51s
  1147   918  161.40241  105  642  157.40621  163.22411  3.70%  97.9   55s
H 1293   973                     157.8080678  163.22411  3.43%  92.9   56s
  1633  1150  158.19472  352  374  157.80807  163.22411  3.43%  85.1   60s
  2157  1341  158.89531  172  500  157.80807  163.17141  3.40%  79.3   65s
H 2682  1567                     157.8080686  163.11989  3.37%  74.6   70s
  3233  1799  159.99098   99  808  157.80807  163.07281  3.34%  70.8   75s
  3750  2194  159.23092  141  692  157.80807  163.07281  3.34%  68.3   80s
  4227  2574  160.23183   71  828  157.80807  163.05356  3.32%  68.3   85s
  4833  3038  158.85991  226  261  157.80807  163.02662  3.31%  67.4   90s
  5208  3324  159.12141  110  610  157.80807  163.02662  3.31%  66.0   95s
  5706  3724  162.69554   25 1272  157.80807  162.97378  3.27%  65.1  100s
  6144  4114  159.69709   78  782  157.80807  162.96721  3.27%  64.0  105s
  6790  4684  157.87632  298  276  157.80807  162.96721  3.27%  61.2  110s
  7333  5157  159.94720   83  817  157.80807  162.95491  3.26%  60.2  115s
  7707  5471  161.51477   44 1114  157.80807  162.86122  3.20%  59.9  120s
  8233  5915  160.76841   53  990  157.80807  162.81018  3.17%  60.1  125s
  8827  6431  158.25159   39  904  157.80807  162.77896  3.15%  58.8  130s
  9291  6779  162.09237   39 1269  157.80807  162.74463  3.13%  59.5  135s
  9781  7191  161.34844   58 1098  157.80807  162.70405  3.10%  59.9  140s
 10202  7520     cutoff   87       157.80807  162.70387  3.10%  60.5  162s
 10386  7662  159.29117   63  816  157.80807  162.68490  3.09%  60.8  165s
 10967  8141  160.12280   31 1208  157.80807  162.65490  3.07%  60.6  170s
 11521  8566  158.72499   66 1009  157.80807  162.63637  3.06%  60.2  175s
 11810  8791  161.03987   39 1004  157.80807  162.63335  3.06%  60.6  180s
 12481  9310     cutoff   91       157.80807  162.61482  3.05%  59.7  185s
 12942  9663  161.52431   55 1259  157.80807  162.58515  3.03%  60.2  190s
 13438 10063  159.22333   85  762  157.80807  162.57219  3.02%  60.6  195s
 13958 10464  159.58151   88 1017  157.80807  162.54326  3.00%  60.7  200s
 14439 10811  158.01320   29 1238  157.80807  162.53197  2.99%  61.0  205s
 14974 11283  158.76606   80  788  157.80807  162.52165  2.99%  61.0  210s
 15303 11548  158.07817   38 1066  157.80807  162.50278  2.97%  61.2  216s
 15728 11924  159.83868  102  860  157.80807  162.49105  2.97%  61.2  220s
 16219 12315  161.81234   26 1243  157.80807  162.47088  2.95%  61.6  225s
 16703 12699  157.95151  156  581  157.80807  162.42354  2.92%  62.4  230s
 17237 13083  160.76059   38  953  157.80807  162.39217  2.90%  62.7  235s
 17770 13498  160.50625   39 1182  157.80807  162.37988  2.90%  62.7  240s
 18274 13862  159.38355   54  919  157.80807  162.35142  2.88%  63.5  245s
 18834 14295  159.33025   70  910  157.80807  162.33507  2.87%  63.6  250s
 19404 14747  158.57174  112  675  157.80807  162.31885  2.86%  63.5  255s
 19897 15089  160.83120   64 1127  157.80807  162.30581  2.85%  63.6  260s
 20404 15475  159.75495   97  859  157.80807  162.30302  2.85%  63.5  266s
 20954 15951  159.00200  101  728  157.80807  162.30302  2.85%  62.7  270s
 21515 16360  158.14740  168  744  157.80807  162.29146  2.84%  62.8  275s
 22095 16764  161.28636   32 1095  157.80807  162.27943  2.83%  62.8  280s
 22597 17133  160.39582   51 1106  157.80807  162.26266  2.82%  63.1  285s
 23173 17629  158.01097  182  409  157.80807  162.25872  2.82%  63.1  290s
 23709 17998  159.78299   32 1093  157.80807  162.24283  2.81%  63.3  295s
 24259 18390  160.61776   46 1184  157.80807  162.21943  2.80%  63.4  300s
 24814 18825  158.73027   46 1007  157.80807  162.21205  2.79%  63.6  305s
 25400 19261  158.72873   84  661  157.80807  162.18231  2.77%  63.8  310s
 25810 19535  160.22300   37  927  157.80807  162.16144  2.76%  64.0  315s
 26402 20011  157.95127  107  634  157.80807  162.14804  2.75%  63.8  320s
 26967 20451  160.81491   35 1086  157.80807  162.13934  2.74%  64.2  325s
 27646 21035  158.00767   33  923  157.80807  162.12779  2.74%  63.9  330s
 28075 21258     cutoff   97       157.80807  162.12678  2.74%  63.9  335s
 28699 21747  161.23513   35 1167  157.80807  162.11308  2.73%  64.0  340s
 29375 22289  161.12482   21 1201  157.80807  162.08911  2.71%  63.9  345s
 30042 22840  158.13695   92  572  157.80807  162.08145  2.71%  63.7  350s
H30230 23008                     157.8080686  162.08086  2.71%  63.5  351s
 30283 23041  158.24415   54  713  157.80807  162.07920  2.71%  63.5  355s
H30482 23188                     157.8080687  162.07712  2.71%  63.5  359s

Cutting planes:
  Gomory: 9
  Cover: 145
  Implied bound: 2
  Clique: 236
  MIR: 20
  StrongCG: 1
  Flow cover: 18
  GUB cover: 18
  Inf proof: 7
  Zero half: 869
  Relax-and-lift: 5

Explored 30504 nodes (2026466 simplex iterations) in 361.09 seconds (573.76 work units)
Thread count was 1 (of 32 available processors)

Solution count 10: 157.808 157.808 157.808 ... 154.835

Time limit reached
Best objective 1.578080686602e+02, best bound 1.620771172384e+02, gap 2.7052%

User-callback calls 98945, time in user-callback 8.08 sec

Gurobi 12.0.1 (win64) logging started Wed Dec 17 23:50:24 2025

Set parameter LogFile to value "data\dblrp\grb_log_ef_s20_ts0_f10_c10_r2.0_iss1_bt1_nsp2000_nse500_sd7.log"
Set parameter NodefileStart to value 0.5
Set parameter NodefileDir to value "node_files\s20_ts0"
Set parameter MIPGap to value 0.01
Set parameter TimeLimit to value 7200
Set parameter Threads to value 1
Gurobi Optimizer version 12.0.1 build v12.0.1rc0 (win64 - Windows 11.0 (26100.2))

CPU model: Intel(R) Core(TM) i9-14900K, instruction set [SSE2|AVX|AVX2]
Thread count: 24 physical cores, 32 logical processors, using up to 1 threads

Non-default parameters:
TimeLimit  7200
MIPGap  0.01
NodefileStart  0.5
Threads  1

Optimize a model with 15135401 rows, 5061810 columns and 42575010 nonzeros
Model fingerprint: 0xd20f3f6e
Variable types: 0 continuous, 5061810 integer (5040010 binary)
Coefficient statistics:
  Matrix range     [1e+00, 7e+01]
  Objective range  [5e-01, 1e+01]
  Bounds range     [1e+00, 4e+01]
  RHS range        [1e+00, 7e+01]
Presolve removed 15086238 rows and 4988918 columns
Presolve time: 4.90s
Presolved: 49163 rows, 72892 columns, 358516 nonzeros
Variable types: 0 continuous, 72892 integer (61681 binary)
Found heuristic solution: objective -20.0000000
Performing another presolve...
Presolve removed 41163 rows and 24554 columns
Presolve time: 1.18s

Root simplex log...

Iteration    Objective       Primal Inf.    Dual Inf.      Time
       0    8.9034516e+03   2.254588e+04   0.000000e+00     10s
   21696    1.7561134e+02   9.409032e+02   0.000000e+00     10s
   24556    1.7498400e+02   0.000000e+00   0.000000e+00     10s

Root relaxation: objective 1.749840e+02, 24556 iterations, 0.64 seconds (1.51 work units)
Total elapsed time = 10.15s (DegenMoves)

    Nodes    |    Current Node    |     Objective Bounds      |     Work
 Expl Unexpl |  Obj  Depth IntInf | Incumbent    BestBd   Gap | It/Node Time

     0     0  174.98400    0 1790  -20.00000  174.98400   975%     -   10s
     0     0  174.70081    0 1888  -20.00000  174.70081   974%     -   10s
     0     0  174.09105    0 2049  -20.00000  174.09105   970%     -   11s
     0     0  173.97771    0 2068  -20.00000  173.97771   970%     -   11s
     0     0  173.89195    0 2586  -20.00000  173.89195   969%     -   11s
     0     0  173.89195    0 2571  -20.00000  173.89195   969%     -   11s
     0     0  173.89195    0 2576  -20.00000  173.89195   969%     -   11s
     0     0  173.89195    0 2569  -20.00000  173.89195   969%     -   11s
H    0     0                      51.6253550  173.89195   237%     -   11s
H    0     0                      54.6511957  173.89195   218%     -   11s
H    0     0                      84.2485313  173.89195   106%     -   11s
H    0     0                     113.5112757  173.89195  53.2%     -   12s
H    0     0                     114.0772120  173.89195  52.4%     -   12s
     0     0  173.67689    0 2616  114.07721  173.67689  52.2%     -   12s
     0     0  173.61977    0 2591  114.07721  173.61977  52.2%     -   12s
H    0     0                     114.7734202  173.61743  51.3%     -   13s
H    0     0                     116.4564240  173.61743  49.1%     -   13s
H    0     0                     117.7601630  173.61743  47.4%     -   13s
H    0     0                     119.4889925  173.61743  45.3%     -   13s
H    0     0                     120.2023778  173.61743  44.4%     -   13s
H    0     0                     120.5425441  173.61743  44.0%     -   14s
H    0     0                     121.0674433  173.61743  43.4%     -   14s
     0     0  173.41542    0 2629  121.06744  173.41542  43.2%     -   14s
     0     0  173.41542    0 2633  121.06744  173.41542  43.2%     -   14s
     0     0  173.41189    0 2631  121.06744  173.41189  43.2%     -   14s
     0     0  173.23603    0 2707  121.06744  173.23603  43.1%     -   14s
     0     0  173.23603    0 2715  121.06744  173.23603  43.1%     -   14s
     0     0  173.23603    0 2709  121.06744  173.23603  43.1%     -   14s
H    0     0                     124.5610501  173.23603  39.1%     -   15s
     0     0  172.79511    0 2743  124.56105  172.79511  38.7%     -   15s
     0     0  172.79511    0 2756  124.56105  172.79511  38.7%     -   15s
     0     0  172.79511    0 2754  124.56105  172.79511  38.7%     -   15s
     0     0  172.79105    0 2764  124.56105  172.79105  38.7%     -   15s
     0     0  172.78886    0 2783  124.56105  172.78886  38.7%     -   15s
     0     0  172.48404    0 2741  124.56105  172.48404  38.5%     -   15s
     0     0  172.48074    0 2727  124.56105  172.48074  38.5%     -   15s
     0     0  172.48074    0 2727  124.56105  172.48074  38.5%     -   15s
     0     0  172.47137    0 2766  124.56105  172.47137  38.5%     -   15s
     0     0  172.47137    0 2759  124.56105  172.47137  38.5%     -   15s
     0     0  172.47137    0 2755  124.56105  172.47137  38.5%     -   15s
     0     0  172.19626    0 2806  124.56105  172.19626  38.2%     -   15s
     0     0  172.19626    0 2809  124.56105  172.19626  38.2%     -   15s
H    0     0                     127.0231792  172.19626  35.6%     -   16s
     0     0  172.14375    0 2825  127.02318  172.14375  35.5%     -   16s
     0     0  172.14064    0 2827  127.02318  172.14064  35.5%     -   16s
     0     0  172.13928    0 2830  127.02318  172.13928  35.5%     -   16s
     0     0  171.88693    0 2904  127.02318  171.88693  35.3%     -   16s
     0     0  171.88556    0 2909  127.02318  171.88556  35.3%     -   16s
H    0     0                     127.5480784  171.87675  34.8%     -   16s
     0     0  171.87651    0 2903  127.54808  171.87651  34.8%     -   16s
     0     0  171.87252    0 2928  127.54808  171.87252  34.8%     -   16s
     0     0  171.87158    0 2938  127.54808  171.87158  34.8%     -   16s
     0     0  171.87158    0 2937  127.54808  171.87158  34.8%     -   16s
     0     0  171.66129    0 2988  127.54808  171.66129  34.6%     -   17s
     0     0  171.66129    0 2987  127.54808  171.66129  34.6%     -   17s
     0     0  171.61838    0 2957  127.54808  171.61838  34.6%     -   17s
     0     0  171.61698    0 2968  127.54808  171.61698  34.6%     -   17s
     0     0  171.61698    0 2966  127.54808  171.61698  34.6%     -   17s
     0     0  171.53714    0 3022  127.54808  171.53714  34.5%     -   17s
H    0     0                     127.8458716  171.53714  34.2%     -   17s
H    0     0                     128.1441605  171.53714  33.9%     -   17s
H    0     0                     129.0251016  171.53714  32.9%     -   18s
     0     0  171.52644    0 3149  129.02510  171.52644  32.9%     -   18s
     0     0  171.52644    0 3148  129.02510  171.52644  32.9%     -   18s
     0     0  171.52299    0 3069  129.02510  171.52299  32.9%     -   18s
     0     0  171.52299    0 3077  129.02510  171.52299  32.9%     -   18s
     0     0  171.30509    0 3142  129.02510  171.30509  32.8%     -   18s
     0     0  171.26099    0 3199  129.02510  171.26099  32.7%     -   18s
     0     0  171.25595    0 3212  129.02510  171.25595  32.7%     -   18s
     0     0  171.25554    0 3214  129.02510  171.25554  32.7%     -   18s
     0     0  171.14451    0 3133  129.02510  171.14451  32.6%     -   18s
     0     0  171.14281    0 3141  129.02510  171.14281  32.6%     -   18s
H    0     0                     129.2883480  171.14281  32.4%     -   19s
     0     0  171.13136    0 3266  129.28835  171.13136  32.4%     -   19s
     0     0  171.13091    0 3234  129.28835  171.13091  32.4%     -   19s
     0     0  171.01015    0 3297  129.28835  171.01015  32.3%     -   19s
H    0     0                     129.9845562  171.01015  31.6%     -   19s
H    0     0                     130.5094554  171.01015  31.0%     -   19s
H    0     0                     131.0343546  171.01015  30.5%     -   20s
H    0     0                     132.6459712  171.01015  28.9%     -   20s
H    0     0                     133.4133622  171.01015  28.2%     -   20s
H    0     0                     134.2015078  171.01015  27.4%     -   20s
H    0     0                     140.7366436  171.01015  21.5%     -   21s
H    0     0                     141.5247892  171.01015  20.8%     -   21s
H    0     0                     141.5658263  171.01015  20.8%     -   21s
H    0     0                     141.7455750  171.01015  20.6%     -   21s
H    0     0                     144.0566777  171.01015  18.7%     -   22s
     0     0  170.95879    0 3422  144.05668  170.95879  18.7%     -   22s
     0     0  170.95806    0 3464  144.05668  170.95806  18.7%     -   22s
     0     0  170.94905    0 3475  144.05668  170.94905  18.7%     -   22s
     0     0  170.94789    0 3470  144.05668  170.94789  18.7%     -   22s
H    0     0                     145.0088017  170.94789  17.9%     -   22s
H    0     0                     145.3116958  170.94789  17.6%     -   23s
H    0     0                     147.8868852  170.94789  15.6%     -   23s
     0     0  170.86489    0 3319  147.88689  170.86489  15.5%     -   23s
     0     0  170.85864    0 3409  147.88689  170.85864  15.5%     -   23s
     0     0  170.85864    0 3413  147.88689  170.85864  15.5%     -   23s
     0     0  170.85733    0 3403  147.88689  170.85733  15.5%     -   23s
     0     0  170.85722    0 3419  147.88689  170.85722  15.5%     -   23s
     0     0  170.83302    0 3423  147.88689  170.83302  15.5%     -   23s
     0     0  170.79584    0 3477  147.88689  170.79584  15.5%     -   23s
     0     0  170.79198    0 3542  147.88689  170.79198  15.5%     -   23s
     0     0  170.79191    0 3549  147.88689  170.79191  15.5%     -   23s
     0     0  170.74971    0 3483  147.88689  170.74971  15.5%     -   23s
     0     0  170.71597    0 3574  147.88689  170.71597  15.4%     -   24s
     0     0  170.71090    0 3611  147.88689  170.71090  15.4%     -   24s
     0     0  170.71084    0 3654  147.88689  170.71084  15.4%     -   24s
     0     0  170.64898    0 3659  147.88689  170.64898  15.4%     -   24s
     0     0  170.64041    0 3693  147.88689  170.64041  15.4%     -   24s
     0     0  170.63582    0 3746  147.88689  170.63582  15.4%     -   24s
     0     0  170.63582    0 3748  147.88689  170.63582  15.4%     -   24s
     0     0  170.60229    0 3647  147.88689  170.60229  15.4%     -   24s
     0     0  170.58246    0 3694  147.88689  170.58246  15.3%     -   24s
     0     0  170.57839    0 3666  147.88689  170.57839  15.3%     -   25s
     0     0  170.57813    0 3704  147.88689  170.57813  15.3%     -   25s
     0     0  170.55128    0 3719  147.88689  170.55128  15.3%     -   25s
     0     0  170.54832    0 3725  147.88689  170.54832  15.3%     -   25s
     0     0  170.54053    0 3773  147.88689  170.54053  15.3%     -   25s
     0     0  170.53974    0 3762  147.88689  170.53974  15.3%     -   25s
     0     0  170.48724    0 3738  147.88689  170.48724  15.3%     -   25s
H    0     0                     148.4528215  170.48724  14.8%     -   25s
     0     0  170.48376    0 3791  148.45282  170.48376  14.8%     -   26s
     0     0  170.48357    0 3817  148.45282  170.48357  14.8%     -   26s
     0     0  170.42990    0 3804  148.45282  170.42990  14.8%     -   26s
     0     0  170.41559    0 3845  148.45282  170.41559  14.8%     -   26s
     0     0  170.41547    0 3866  148.45282  170.41547  14.8%     -   26s
     0     0  170.34856    0 3817  148.45282  170.34856  14.7%     -   26s
     0     0  170.34365    0 3830  148.45282  170.34365  14.7%     -   26s
     0     0  170.34315    0 3873  148.45282  170.34315  14.7%     -   26s
     0     0  170.30948    0 3869  148.45282  170.30948  14.7%     -   26s
     0     0  170.29571    0 3869  148.45282  170.29571  14.7%     -   26s
     0     0  170.29472    0 3891  148.45282  170.29472  14.7%     -   27s
     0     0  170.27009    0 3879  148.45282  170.27009  14.7%     -   27s
H    0     0                     148.9777207  170.27009  14.3%     -   27s
     0     0  170.26959    0 3924  148.97772  170.26959  14.3%     -   27s
     0     0  170.25493    0 3899  148.97772  170.25493  14.3%     -   27s
     0     0  170.25493    0 3778  148.97772  170.25493  14.3%     -   28s
     0     2  170.25266    0 3778  148.97772  170.25266  14.3%     -   28s
    71    71  161.47908   58  965  148.97772  163.55341  9.78%   264   30s
H  618   614                     154.8352420  163.55341  5.63%  50.5   33s
H  618   614                     155.7415488  163.55341  5.02%  50.5   34s
   759   755  156.58378  685  670  155.74155  163.55341  5.02%  43.4   35s
   930   907  159.42902  281 2892  155.74155  163.52965  5.00%  37.3   46s
H  931   862                     156.5296944  163.52965  4.47%  37.3   47s
H  943   826                     157.0545936  163.52965  4.12%  36.8   49s
   947   828  157.05459  600 3376  157.05459  163.52965  4.12%  36.7   50s
H  955   792                     157.4062087  163.52965  3.89%  82.7   52s
  1082   874  162.03886   73  973  157.40621  163.22411  3.70%  97.6   55s
H 1293   973                     157.8080678  163.22411  3.43%  92.9   57s
  1578  1121  159.79874  321  471  157.80807  163.22411  3.43%  85.9   60s
  2106  1317  159.76238  147  612  157.80807  163.17141  3.40%  79.8   65s
  2668  1598  159.38653  241  243  157.80807  163.11989  3.37%  74.5   70s
H 2682  1567                     157.8080686  163.11989  3.37%  74.6   70s
  3231  1799  159.99098   97  808  157.80807  163.07281  3.34%  70.8   75s
  3768  2208  158.42364  150  669  157.80807  163.07281  3.34%  68.1   80s
  4244  2591  159.99358   79  792  157.80807  163.05356  3.32%  68.3   85s
  4874  3078  158.62212  247  273  157.80807  163.02662  3.31%  67.7   90s
  5284  3380  158.08788  162  418  157.80807  163.02662  3.31%  65.5   95s
  5728  3746  161.99459   35 1056  157.80807  162.97378  3.27%  65.3  100s
  6243  4210  159.00553  139  624  157.80807  162.96721  3.27%  63.4  105s
  6866  4745  162.17320   20 1263  157.80807  162.96115  3.27%  60.9  110s
  7443  5267  158.42128  148  582  157.80807  162.95491  3.26%  60.0  115s
  7797  5554  159.59908   89  786  157.80807  162.86122  3.20%  59.9  120s
  8362  6044  159.13743  125  616  157.80807  162.81018  3.17%  59.8  125s
  8908  6484  160.11244   39 1051  157.80807  162.76411  3.14%  59.4  130s
  9432  6912  158.60374  110  625  157.80807  162.74463  3.13%  59.2  135s
  9843  7250  157.82353   89  911  157.80807  162.70405  3.10%  60.0  140s
 10202  7520     cutoff   87       157.80807  162.70387  3.10%  60.5  161s
 10558  7800  161.17462   74 1089  157.80807  162.67852  3.09%  60.9  165s
 11174  8324  158.02625  144  614  157.80807  162.65102  3.07%  60.1  170s
 11560  8594  160.36138   34 1158  157.80807  162.63433  3.06%  60.4  175s
 12058  9029  158.70644  163  638  157.80807  162.63335  3.06%  60.6  180s
 12681  9469  161.79008   47 1313  157.80807  162.59736  3.03%  59.7  185s
 13210  9893  158.13868   97  931  157.80807  162.58272  3.03%  59.9  190s
 13721 10287  159.83450   29 1308  157.80807  162.55222  3.01%  60.5  195s
 14222 10667  158.17640  113  588  157.80807  162.53674  3.00%  60.7  200s
 14716 11058  159.10336  141  750  157.80807  162.52335  2.99%  61.1  205s
 15091 11372  160.13652   65  856  157.80807  162.51535  2.98%  61.3  210s
 15519 11736  158.11892   74  780  157.80807  162.49839  2.97%  61.0  215s
 16016 12182  157.90399   92  619  157.80807  162.49008  2.97%  61.0  220s
 16472 12495  160.58842   41 1056  157.80807  162.42354  2.92%  62.3  225s
 17025 12927  161.67932   27 1223  157.80807  162.39673  2.91%  62.4  230s
 17587 13376  157.83016   62  801  157.80807  162.38790  2.90%  62.3  235s
 18062 13703  161.66622   23 1197  157.80807  162.36799  2.89%  63.3  240s
 18663 14172  160.71122   51  921  157.80807  162.34781  2.88%  63.3  245s
 19185 14578  157.86121   99  686  157.80807  162.32144  2.86%  63.5  250s
 19719 14983  157.90493  162  404  157.80807  162.30581  2.85%  63.3  255s
 20210 15324  158.88023   91  871  157.80807  162.30581  2.85%  63.4  260s
 20608 15668  158.32107  226  503  157.80807  162.30302  2.85%  63.2  265s
 21249 16120  161.29548   35 1209  157.80807  162.29146  2.84%  62.8  270s
 21833 16567  158.01210   86  687  157.80807  162.28775  2.84%  62.7  275s
 22370 16962  158.21550   63  999  157.80807  162.27258  2.83%  63.0  280s
 22896 17381  159.79004   43  980  157.80807  162.25872  2.82%  63.1  285s
 23492 17824  160.52070   26 1310  157.80807  162.24890  2.81%  63.1  290s
 23990 18193  161.33893   31 1132  157.80807  162.23435  2.80%  63.4  295s
 24586 18665  160.62337   31 1221  157.80807  162.21329  2.79%  63.4  300s
 25182 19090     cutoff   51       157.80807  162.19792  2.78%  63.5  305s
 25575 19383  158.34956   92  838  157.80807  162.17422  2.77%  63.7  310s
 26165 19798  161.19062   24 1196  157.80807  162.14970  2.75%  63.9  315s
 26672 20209  161.43099   33 1185  157.80807  162.14542  2.75%  64.2  320s
 27366 20807  158.35761   85  702  157.80807  162.12848  2.74%  64.0  325s
 27913 21180     cutoff   92       157.80807  162.12719  2.74%  63.8  330s
 28432 21529  160.18290   36  959  157.80807  162.11373  2.73%  64.1  335s
 29112 22097  160.51102   35 1143  157.80807  162.09590  2.72%  63.9  340s
 29818 22682  158.20340  178  537  157.80807  162.08323  2.71%  63.6  345s
H30230 23008                     157.8080686  162.08086  2.71%  63.5  348s
 30257 23017  160.30876   29 1035  157.80807  162.07920  2.71%  63.5  350s
 30389 23129  159.11391   56  899  157.80807  162.07712  2.71%  63.4  355s
H30482 23188                     157.8080687  162.07712  2.71%  63.5  356s
 30882 23551  158.04586  213  431  157.80807  162.07272  2.70%  63.2  360s
 31482 24009  158.70293   78  902  157.80807  162.06816  2.70%  62.9  365s
 32064 24469  158.15699   43  839  157.80807  162.06589  2.70%  63.0  370s
 32552 24841  158.01825  133  621  157.80807  162.06340  2.70%  63.0  375s
 33128 25254 infeasible   47       157.80807  162.05775  2.69%  63.3  380s
 33870 25845  158.32091   41  865  157.80807  162.04510  2.68%  63.2  385s
 34419 26243  157.96015  151  541  157.80807  162.03894  2.68%  63.4  390s
 35127 26785  158.05040   74  854  157.80807  162.02344  2.67%  63.4  395s
 35707 27254  158.43102  206  555  157.80807  162.01909  2.67%  63.4  400s
 36404 27814  158.47776   94  677  157.80807  162.00947  2.66%  63.1  405s
 36942 28199  158.10824   58  919  157.80807  162.00609  2.66%  63.4  410s
 37546 28673  158.90574   61  805  157.80807  162.00320  2.66%  63.5  415s
H37674 28759                     157.8080689  161.99815  2.66%  63.5  418s
 37706 28793  158.90265   53  777  157.80807  161.99459  2.65%  63.5  420s
 38233 29196  157.95437  119  776  157.80807  161.98936  2.65%  63.5  425s
 38804 29639  159.85168   69  801  157.80807  161.98794  2.65%  63.5  430s
 39485 30194  159.00338   70  794  157.80807  161.98198  2.64%  63.5  435s
 40086 30623  161.37043   22 1285  157.80807  161.97229  2.64%  63.6  440s
 40808 31197  158.25407  206  666  157.80807  161.96512  2.63%  63.5  446s
 41432 31722  158.12624   88  586  157.80807  161.95613  2.63%  63.3  450s
 42138 32265  158.35040   69  793  157.80807  161.95322  2.63%  63.2  455s
 42838 32790  158.22297   93  730  157.80807  161.94084  2.62%  63.3  460s
 43495 33318  161.33524   27 1071  157.80807  161.93448  2.61%  63.5  465s
 44193 33902  158.40019  194  688  157.80807  161.92494  2.61%  63.3  470s
 44954 34512  158.92956   57  904  157.80807  161.92170  2.61%  63.0  475s
 45708 35118 infeasible   95       157.80807  161.91420  2.60%  63.0  480s
 46092 35373  159.33335   42 1128  157.80807  161.90385  2.60%  63.1  485s
 46630 35754  159.26122   27 1021  157.80807  161.89402  2.59%  63.3  490s
 47227 36194  158.76264   77  774  157.80807  161.88031  2.58%  63.4  495s
 47884 36657  159.03106   62  714  157.80807  161.85819  2.57%  63.4  500s
 48587 37228  159.75461   44  949  157.80807  161.85070  2.56%  63.4  505s
 49285 37737  159.31963   54 1208  157.80807  161.84674  2.56%  63.4  510s
 49997 38305  158.31318  190  628  157.80807  161.83596  2.55%  63.4  515s
 50586 38743  159.41294  109  828  157.80807  161.82961  2.55%  63.3  520s
 51079 39046     cutoff   51       157.80807  161.82572  2.55%  63.3  525s
 51690 39504  158.06576  189  448  157.80807  161.82130  2.54%  63.4  530s
 52287 39929  158.80304   50 1100  157.80807  161.81112  2.54%  63.5  535s
 52905 40417  158.17207  143  590  157.80807  161.80609  2.53%  63.6  540s
 53651 40951     cutoff   51       157.80807  161.79638  2.53%  63.5  545s
Created node file directory 'node_files\s20_ts0/grbnodes1'
 54292 41454  158.02766  162  562  157.80807  161.79175  2.52%  63.4  550s
 54996 41921  160.81175   90  941  157.80807  161.78387  2.52%  63.5  555s
 55602 42379  160.55832   58 1173  157.80807  161.78091  2.52%  63.4  560s
 56111 42739  159.83539   47  973  157.80807  161.77397  2.51%  63.5  566s
 56545 43067  160.95973   45 1098  157.80807  161.77324  2.51%  63.6  570s
 57094 43418  158.36779   70  574  157.80807  161.76436  2.51%  63.7  575s
 57640 43815  159.31816   67  982  157.80807  161.76146  2.51%  63.9  580s
 58229 44175  158.80262   62 1023  157.80807  161.75457  2.50%  63.9  585s
 58781 44560  160.19485   35 1030  157.80807  161.74693  2.50%  64.0  590s
 59335 44934  158.10841   49  956  157.80807  161.73758  2.49%  64.2  595s
 59907 45310  158.47985   25 1151  157.80807  161.73231  2.49%  64.3  600s
 60545 45825  158.03009  201  635  157.80807  161.72642  2.48%  64.2  605s
 61212 46297  160.06717   66 1023  157.80807  161.72076  2.48%  64.2  611s
 61609 46558  159.32244   36  873  157.80807  161.71716  2.48%  64.4  615s
 62103 46888  159.04946   90  957  157.80807  161.71371  2.47%  64.7  620s
 62727 47373  158.01768  184  596  157.80807  161.71089  2.47%  64.6  625s
 63245 47741  158.93061   63  930  157.80807  161.70161  2.47%  64.7  630s
 63762 48088  157.98102   62  705  157.80807  161.69167  2.46%  64.8  635s
 64350 48564  157.94286  227  600  157.80807  161.68886  2.46%  64.9  640s
 65009 49107  160.36355   50 1054  157.80807  161.68847  2.46%  64.8  645s
 65671 49555  160.84024   43 1046  157.80807  161.68006  2.45%  64.8  650s
 66179 49925  159.78337   57  836  157.80807  161.67729  2.45%  64.8  655s
 66608 50222  160.25260   80  848  157.80807  161.67442  2.45%  64.8  660s
 67109 50550  159.82638   51  905  157.80807  161.67053  2.45%  65.0  665s
 67797 51070  160.38162   31 1159  157.80807  161.66468  2.44%  65.0  670s
 68330 51420  160.54668   30 1128  157.80807  161.66011  2.44%  65.2  675s
 68984 51950  159.37558   32 1111  157.80807  161.65177  2.44%  65.1  680s
 69480 52255  159.26391   50  944  157.80807  161.64870  2.43%  65.2  685s
 70011 52642  160.81873   86  983  157.80807  161.64392  2.43%  65.3  690s
 70623 53086  157.91047   91  646  157.80807  161.64037  2.43%  65.4  695s
 71180 53480     cutoff  113       157.80807  161.63722  2.43%  65.5  700s
 71640 53875  158.42604  132  818  157.80807  161.63722  2.43%  65.4  705s
 72275 54346  158.23861  110  757  157.80807  161.63722  2.43%  65.4  710s
 72909 54837  158.78799  114  706  157.80807  161.62994  2.42%  65.4  715s
 73592 55389  158.04586  228  310  157.80807  161.62688  2.42%  65.4  720s
 74271 55924  159.79175   49 1121  157.80807  161.62078  2.42%  65.3  725s
 74720 56231  158.15651   78  835  157.80807  161.61724  2.41%  65.4  730s
 75276 56605  158.63131  147  655  157.80807  161.61370  2.41%  65.5  735s
 75948 57135  158.09159  190  517  157.80807  161.60808  2.41%  65.4  740s
 76453 57454  158.53336   57  891  157.80807  161.60043  2.40%  65.5  745s
 76805 57743  158.00623  157  610  157.80807  161.59626  2.40%  65.5  750s
 77332 58130  158.23665  109  857  157.80807  161.58640  2.39%  65.7  755s
 77835 58498     cutoff  147       157.80807  161.57847  2.39%  65.8  760s
 78271 58796  159.51400   29 1071  157.80807  161.57336  2.39%  65.9  765s
 78756 59104  159.78980   39  882  157.80807  161.56597  2.38%  66.1  770s
 79254 59561  158.42808   88  549  157.80807  161.56507  2.38%  66.0  775s
 79925 59881  158.03335  137  608  157.80807  161.56354  2.38%  65.9  780s
 80463 60084  158.21642   53  878  157.80807  161.56109  2.38%  66.0  785s
 80828 60342  157.87131   86  650  157.80807  161.56012  2.38%  66.0  790s
 81345 60510  158.42915   42  835  157.80807  161.55970  2.38%  66.0  795s
 81616 60605  158.34304   46  873  157.80807  161.55970  2.38%  66.0  800s
 82089 60759  158.18791   45  851  157.80807  161.55685  2.38%  66.1  805s
 82456 60978  158.10368   63  561  157.80807  161.55685  2.38%  66.2  810s
 82933 61153 infeasible   61       157.80807  161.55600  2.37%  66.1  815s
 83552 61516  157.83449   57  731  157.80807  161.55573  2.37%  66.1  820s
 84103 61654  160.31471   50 1062  157.80807  161.55384  2.37%  66.2  825s
H84302 61784                     157.8080698  161.55366  2.37%  66.1  827s
H84328 61808                     157.8080716  161.55366  2.37%  66.1  828s
H84330 61810                     157.8080720  161.55366  2.37%  66.1  829s
H84330 61810                     157.8080720  161.55366  2.37%  66.1  831s
H84354 61833                     157.8080731  161.55366  2.37%  66.1  832s
 84354 61835  159.69002   48  746  157.80807  161.55366  2.37%  66.1  835s
 84605 62079  158.43683   89  545  157.80807  161.55366  2.37%  66.1  840s
 85082 62263  160.02555   36 1120  157.80807  161.55319  2.37%  66.2  845s
 85500 62532  158.55408   55 1003  157.80807  161.55179  2.37%  66.1  850s
 86157 62749  158.19101   40  910  157.80807  161.55106  2.37%  66.0  855s
 86717 63139  158.28228  134  646  157.80807  161.55027  2.37%  65.9  860s
 87231 63275  159.12085   39 1054  157.80807  161.54782  2.37%  65.9  865s
 87721 63344  158.21775   32  925  157.80807  161.54400  2.37%  65.9  870s
 88336 63705  158.12173   77  899  157.80807  161.54060  2.37%  65.8  875s
 88984 63920  159.51476   45  868  157.80807  161.53806  2.36%  65.8  880s
 89344 64098  159.32281   46  894  157.80807  161.53721  2.36%  65.7  885s
 89955 64496  158.52319   85  503  157.80807  161.53704  2.36%  65.8  890s
 90576 64876  158.04939   48  846  157.80807  161.53105  2.36%  65.7  895s
 91009 65045  159.75773  105  780  157.80807  161.52915  2.36%  65.7  900s
 91524 65554  158.07715  207  474  157.80807  161.52915  2.36%  65.7  905s
 91987 65739  159.38045   61  832  157.80807  161.52755  2.36%  65.7  910s
 92551 65993  158.26804   84  779  157.80807  161.52642  2.36%  65.7  915s
 93099 66423  158.11894  102  530  157.80807  161.52498  2.36%  65.6  920s
 93603 66614  157.93130   43  790  157.80807  161.52437  2.35%  65.6  925s
 94138 66860  158.02208   70  580  157.80807  161.52350  2.35%  65.7  930s
 94725 67170  158.41008  113  859  157.80807  161.51924  2.35%  65.6  935s
 95261 67365  159.00001   74  785  157.80807  161.51922  2.35%  65.6  940s
 95798 67567  159.74824   47  951  157.80807  161.51661  2.35%  65.6  945s
 96192 67854  158.70708   98  847  157.80807  161.51539  2.35%  65.6  950s
 96770 68088  158.10831   38  968  157.80807  161.51450  2.35%  65.5  955s
 97163 68287  159.25508   46  853  157.80807  161.51202  2.35%  65.5  960s
 97681 68525  160.29033   38 1041  157.80807  161.51144  2.35%  65.5  965s
 98324 69038  157.99379  137  488  157.80807  161.51110  2.35%  65.5  970s
 98878 69263  157.93700   91  664  157.80807  161.50811  2.34%  65.6  975s
 99431 69514  158.06000   57  963  157.80807  161.50791  2.34%  65.5  980s
 100076 69922  158.28126   79  781  157.80807  161.50635  2.34%  65.4  985s
 100631 70099  158.29880   50 1121  157.80807  161.50440  2.34%  65.5  990s
 101158 70401  160.49617   41 1034  157.80807  161.50352  2.34%  65.5  995s
H101375 70511                     157.8080739  161.50175  2.34%  65.5  997s
 101404 70508  160.92632   36 1104  157.80807  161.50064  2.34%  65.5 1001s
 101627 70564     cutoff   57       157.80807  161.50058  2.34%  65.6 1005s
 102020 70763  158.28129   65 1076  157.80807  161.49942  2.34%  65.6 1010s
 102558 71203     cutoff  179       157.80807  161.49942  2.34%  65.5 1015s
 103216 71478  157.96582  119  633  157.80807  161.49937  2.34%  65.4 1020s
 103741 71685  157.85385   39  844  157.80807  161.49834  2.34%  65.5 1025s
 104275 71972  159.62051   73  790  157.80807  161.49691  2.34%  65.4 1030s
 104882 72402  158.38892   90  751  157.80807  161.49689  2.34%  65.3 1035s
 105372 72650  158.30416   42  890  157.80807  161.49531  2.34%  65.3 1040s
 105862 72805 infeasible   75       157.80807  161.49156  2.33%  65.3 1045s
 106247 72962  159.28374   37 1004  157.80807  161.49111  2.33%  65.5 1050s
 106816 73435  157.96660  161  451  157.80807  161.49052  2.33%  65.5 1055s
 107156 73534  158.61244   89  759  157.80807  161.48838  2.33%  65.5 1060s
 107812 73812  158.89875   38 1052  157.80807  161.48681  2.33%  65.4 1065s
 108157 73905     cutoff   33       157.80807  161.48507  2.33%  65.5 1070s
 108687 74021  157.85738   51  829  157.80807  161.48263  2.33%  65.5 1075s
 109246 74201  160.44368  124  843  157.80807  161.47894  2.33%  65.5 1080s
 109840 74445  157.83151   49  851  157.80807  161.47782  2.33%  65.6 1085s
 110273 74754  158.41957   52 1028  157.80807  161.47663  2.32%  65.6 1090s
 110670 74821  158.22600   70  861  157.80807  161.47414  2.32%  65.7 1095s
 111344 75137  158.48296   76  782  157.80807  161.46727  2.32%  65.6 1100s
 111840 75358  158.11776   43 1070  157.80807  161.46659  2.32%  65.7 1105s
 112176 75495  158.18043   39  960  157.80807  161.46544  2.32%  65.9 1110s
 112492 75532  159.07929   41 1033  157.80807  161.46434  2.32%  65.9 1115s
 113023 75879  159.57533   33 1065  157.80807  161.46160  2.32%  65.9 1120s
 113529 76030  158.08165   69  943  157.80807  161.46009  2.31%  65.9 1125s
 113924 76153  158.79778   30 1196  157.80807  161.45646  2.31%  65.9 1130s
 114432 76304  157.96467   59  747  157.80807  161.45613  2.31%  65.9 1135s
 114971 76473  158.89992   64  864  157.80807  161.45599  2.31%  65.9 1140s
 115416 76678  159.40032   51  991  157.80807  161.45322  2.31%  65.9 1145s
 115733 76846  159.43303   78  851  157.80807  161.45313  2.31%  65.9 1150s
 116381 77246  158.17300  114  739  157.80807  161.45266  2.31%  65.9 1155s
 116755 77426  159.41849   37 1107  157.80807  161.45196  2.31%  66.0 1160s
 117323 77623  159.17774   45 1176  157.80807  161.45098  2.31%  65.9 1166s
 117733 77767  160.23890   26 1309  157.80807  161.44931  2.31%  66.0 1170s
 118202 77960  159.72503   57  830  157.80807  161.44699  2.31%  66.1 1175s
 118806 78465  157.84564   52  981  157.80807  161.44655  2.31%  66.0 1180s
 119231 78583  158.07586   49  933  157.80807  161.44512  2.30%  66.1 1185s
 119736 78807  159.12612   34 1045  157.80807  161.44280  2.30%  66.1 1190s
 120241 78931  159.49166   32 1151  157.80807  161.44122  2.30%  66.2 1195s
 120667 79005  160.28424   25 1374  157.80807  161.43932  2.30%  66.2 1200s
 121078 79042  158.24673   47 1119  157.80807  161.43785  2.30%  66.3 1205s
 121239 79072  158.06590   51  944  157.80807  161.43730  2.30%  66.3 1210s
 121784 79257     cutoff   77       157.80807  161.43649  2.30%  66.3 1215s
 122139 79427  158.77689   44 1111  157.80807  161.43627  2.30%  66.3 1220s
 122501 79547     cutoff   62       157.80807  161.43547  2.30%  66.3 1225s
 123141 79871  159.69861  132  677  157.80807  161.43450  2.30%  66.3 1230s
 123935 80433  158.06975  123  648  157.80807  161.43450  2.30%  66.2 1235s
 124667 80828  158.00743  145  623  157.80807  161.43287  2.30%  66.1 1240s
 125181 80922  158.17875   41  935  157.80807  161.43099  2.30%  66.1 1245s
 125598 81003  158.68065   42  976  157.80807  161.42989  2.30%  66.2 1250s
 126084 81211  159.02251   33 1068  157.80807  161.42925  2.29%  66.2 1255s
 126518 81349  158.07091   89  750  157.80807  161.42922  2.29%  66.3 1260s
 127009 81661     cutoff   63       157.80807  161.42852  2.29%  66.3 1265s
 127485 81787  158.08722   66  856  157.80807  161.42731  2.29%  66.3 1270s
 127773 81863  158.90362   45  936  157.80807  161.42574  2.29%  66.4 1275s
 128081 82016  158.72028   51 1004  157.80807  161.42567  2.29%  66.5 1280s
 128653 82359  158.58475   62  890  157.80807  161.42219  2.29%  66.5 1285s
 129253 82615  159.03957   82  830  157.80807  161.42077  2.29%  66.5 1290s
 129888 83122  159.53164   57 1004  157.80807  161.42071  2.29%  66.3 1295s
 130386 83341  159.27931   39  830  157.80807  161.41905  2.29%  66.4 1300s
 130845 83476  160.27880   38 1164  157.80807  161.41718  2.29%  66.4 1305s
 131572 84017  158.77013  116  716  157.80807  161.41507  2.29%  66.4 1310s
 132182 84213     cutoff   70       157.80807  161.41352  2.28%  66.3 1315s
 132626 84380  159.25998   70  910  157.80807  161.41257  2.28%  66.3 1320s
 133052 84637  157.81303   69  598  157.80807  161.41102  2.28%  66.3 1325s
 133595 84818  159.85405   44  976  157.80807  161.40877  2.28%  66.3 1330s
 134196 85222  158.61404   71  670  157.80807  161.40693  2.28%  66.3 1335s
 134872 85660  158.01251   37 1135  157.80807  161.40588  2.28%  66.2 1340s
 135307 85754  160.57118   30 1105  157.80807  161.40412  2.28%  66.3 1345s
 135776 86043  158.34202   70  886  157.80807  161.40341  2.28%  66.3 1350s
 136376 86428  157.97280  123  535  157.80807  161.40241  2.28%  66.3 1355s
 137008 86646  157.82002  166  673  157.80807  161.40207  2.28%  66.2 1360s
 137655 87012  158.88037   90  811  157.80807  161.40195  2.28%  66.2 1365s
 137962 87190  158.51233   66  821  157.80807  161.40194  2.28%  66.2 1370s
 138518 87408     cutoff   73       157.80807  161.40022  2.28%  66.2 1375s
 138883 87612  158.38937   79  653  157.80807  161.39956  2.28%  66.2 1380s
 139364 87783  159.26993   38 1046  157.80807  161.39756  2.27%  66.3 1385s
 139847 87945     cutoff   51       157.80807  161.39576  2.27%  66.3 1390s
H140019 88045                     157.8080741  161.39562  2.27%  66.3 1392s
H140019 88045                     157.8080742  161.39562  2.27%  66.3 1393s
 140049 88045  157.91804   49  944  157.80807  161.39562  2.27%  66.3 1397s
 140088 88013  158.81979   37 1166  157.80807  161.39551  2.27%  66.3 1400s
 140344 88122  160.10417   48  961  157.80807  161.39551  2.27%  66.3 1405s
 140772 88342  158.61567   87  755  157.80807  161.39536  2.27%  66.3 1410s
 141228 88563  158.39309   61  718  157.80807  161.39421  2.27%  66.4 1415s
 141781 88813  157.94716   49  702  157.80807  161.39282  2.27%  66.4 1420s
 142206 88927  158.33738   51  888  157.80807  161.39095  2.27%  66.5 1425s
 142691 89265  158.84473  104  675  157.80807  161.39048  2.27%  66.5 1430s
 143164 89631  158.96006   45 1101  157.80807  161.38949  2.27%  66.4 1435s
 143737 89991  159.82927   47 1057  157.80807  161.38919  2.27%  66.4 1440s
 144200 90066     cutoff   60       157.80807  161.38802  2.27%  66.4 1445s
 144778 90450  158.04527  112  485  157.80807  161.38686  2.27%  66.3 1450s
 145367 90722  157.85440   79  538  157.80807  161.38566  2.27%  66.3 1455s
 145925 90950  157.81210   52  584  157.80807  161.38407  2.27%  66.4 1460s
 146373 91184  157.90600   37 1119  157.80807  161.38218  2.26%  66.4 1465s
 146811 91367  158.01260   45 1079  157.80807  161.38064  2.26%  66.5 1470s
 147475 91892  159.81921   57 1007  157.80807  161.37971  2.26%  66.4 1475s
 147929 92061  158.48281   71  866  157.80807  161.37790  2.26%  66.4 1480s
 148433 92196  160.47199  143  778  157.80807  161.37576  2.26%  66.4 1485s
 149002 92411     cutoff   70       157.80807  161.37464  2.26%  66.4 1490s
 149516 92633  157.99580  104  705  157.80807  161.37221  2.26%  66.4 1495s
 150243 93048  158.07679   75  849  157.80807  161.37103  2.26%  66.4 1500s
 150736 93173     cutoff   76       157.80807  161.36970  2.26%  66.4 1505s
 151251 93358  158.48748   81  757  157.80807  161.36805  2.26%  66.4 1510s
 151798 93553  160.49965   50 1005  157.80807  161.36724  2.26%  66.4 1515s
 152318 93922  158.28366   72  706  157.80807  161.36676  2.26%  66.4 1520s
 152802 94017     cutoff   46       157.80807  161.36420  2.25%  66.4 1525s
 153030 94087  159.07370   27 1216  157.80807  161.36330  2.25%  66.5 1530s
 153492 94270     cutoff   89       157.80807  161.36320  2.25%  66.5 1535s
 154042 94446  158.07311  111  785  157.80807  161.36320  2.25%  66.6 1540s
 154566 94582  160.43828   49 1195  157.80807  161.36279  2.25%  66.6 1545s
 155078 94808     cutoff   67       157.80807  161.35904  2.25%  66.6 1550s
 155517 94959  160.25660   73 1222  157.80807  161.35868  2.25%  66.6 1555s
 156148 95326  158.79643   68 1057  157.80807  161.35778  2.25%  66.5 1560s
 156600 95457  160.23376   56 1310  157.80807  161.35630  2.25%  66.6 1565s
 157114 95669  159.52894   63  764  157.80807  161.35544  2.25%  66.6 1570s
 157598 95987  160.99652   28 1091  157.80807  161.35437  2.25%  66.5 1575s
 158050 96080  158.00256   55  881  157.80807  161.35356  2.25%  66.6 1580s
 158399 96190  157.83180   90  736  157.80807  161.35211  2.25%  66.6 1585s
 158897 96457  158.25272   77  988  157.80807  161.35168  2.25%  66.6 1590s
 159519 96753  160.45619   62 1058  157.80807  161.35168  2.25%  66.6 1595s
 160238 97395  158.15386  195  587  157.80807  161.35148  2.25%  66.5 1600s
 160827 97699  158.60245   53 1013  157.80807  161.34994  2.24%  66.5 1605s
 161387 97914  158.94260   72  711  157.80807  161.34931  2.24%  66.5 1610s
 161956 98180  160.16380   34 1123  157.80807  161.34784  2.24%  66.5 1615s
 162330 98404  157.94348   26 1106  157.80807  161.34739  2.24%  66.5 1620s
 162786 98608  157.88280   94  674  157.80807  161.34632  2.24%  66.6 1625s
 163232 98858  158.19844   89  762  157.80807  161.34591  2.24%  66.5 1630s
 163805 99136  160.73515   43 1125  157.80807  161.34355  2.24%  66.6 1635s
 164288 99359  160.24584   36 1252  157.80807  161.34243  2.24%  66.6 1640s
 164916 99543     cutoff  149       157.80807  161.33957  2.24%  66.5 1645s
 165508 99766  158.00264   39  945  157.80807  161.33836  2.24%  66.5 1650s
 165958 99909  157.95413   84  757  157.80807  161.33800  2.24%  66.6 1655s
 166352 99964  160.42105   41 1341  157.80807  161.33551  2.24%  66.7 1660s
 166882 100334  157.96197  100  673  157.80807  161.33524  2.24%  66.7 1665s
 167390 100479  159.32435   45  960  157.80807  161.33458  2.23%  66.7 1670s
 167920 100721     cutoff   36       157.80807  161.33273  2.23%  66.7 1675s
 168285 100793     cutoff   58       157.80807  161.33162  2.23%  66.8 1680s
 168623 100896  158.69317   36 1004  157.80807  161.33072  2.23%  66.8 1685s
 169151 101039  158.37218   40 1055  157.80807  161.32985  2.23%  66.8 1690s
 169522 101231  158.05397   55  960  157.80807  161.32811  2.23%  66.8 1695s
 170030 101418     cutoff   98       157.80807  161.32726  2.23%  66.8 1700s
 170599 101694  158.30744   96  587  157.80807  161.32625  2.23%  66.8 1705s
H170763 101828                     157.8080743  161.32625  2.23%  66.8 1706s
 170817 101831  157.95074  188  515  157.80807  161.32625  2.23%  66.7 1710s
 170945 101876     cutoff  121       157.80807  161.32617  2.23%  66.7 1715s
 171507 102375  158.26497  165  576  157.80807  161.32606  2.23%  66.7 1720s
 171911 102512  159.41708   65 1032  157.80807  161.32514  2.23%  66.7 1725s
 172377 102673  158.89061   61 1166  157.80807  161.32338  2.23%  66.8 1730s
 172863 102901  158.36066  115  653  157.80807  161.32329  2.23%  66.8 1735s
 173336 103147  159.11820   62  887  157.80807  161.32211  2.23%  66.8 1740s
 173811 103419  158.12348   62  846  157.80807  161.32051  2.23%  66.8 1745s
 174568 103831     cutoff  242       157.80807  161.32008  2.23%  66.7 1750s
 175107 103973  160.02483   28 1156  157.80807  161.31648  2.22%  66.7 1755s
 175525 104056     cutoff   37       157.80807  161.31349  2.22%  66.7 1760s
 175932 104129  157.86700   85  759  157.80807  161.31329  2.22%  66.8 1765s
 176343 104237  159.61153   33  935  157.80807  161.31153  2.22%  66.8 1770s
 176738 104429  158.35403  189  667  157.80807  161.31153  2.22%  66.8 1775s
 177502 104964  158.37238  187  473  157.80807  161.31153  2.22%  66.8 1780s
 178209 105279  159.28158   90  836  157.80807  161.30840  2.22%  66.7 1785s
 178597 105541  158.06317  106  822  157.80807  161.30840  2.22%  66.7 1790s
 179088 105654  158.96317   51  714  157.80807  161.30831  2.22%  66.7 1795s
 179645 105843  157.85045   76  572  157.80807  161.30667  2.22%  66.7 1800s
 179791 105910  158.22511   31  885  157.80807  161.30639  2.22%  66.7 1805s
 180140 105998     cutoff   34       157.80807  161.30607  2.22%  66.8 1810s
 180587 106135  157.85553   44 1050  157.80807  161.30554  2.22%  66.8 1815s
 181017 106306  160.46239   51 1028  157.80807  161.30378  2.22%  66.9 1820s
 181693 106721  158.99780   51  996  157.80807  161.30227  2.21%  66.8 1825s
 182357 107025  157.90674   67  855  157.80807  161.30094  2.21%  66.8 1830s
 182710 107173  158.53271   63  934  157.80807  161.29917  2.21%  66.8 1835s
 183231 107350  157.99889   70  650  157.80807  161.29839  2.21%  66.8 1840s
 183640 107532  160.27636   58  887  157.80807  161.29692  2.21%  66.8 1845s
 184165 107908  159.08302   79  796  157.80807  161.29535  2.21%  66.8 1850s
 184795 108242  158.46426   94  613  157.80807  161.29499  2.21%  66.8 1855s
 185417 108507  158.47141   90  844  157.80807  161.29404  2.21%  66.8 1860s
 185894 108635  160.16799   40 1159  157.80807  161.29246  2.21%  66.8 1865s
 186353 108823  157.99875   53  947  157.80807  161.29190  2.21%  66.8 1870s
 186793 109204  158.45176  103  651  157.80807  161.29140  2.21%  66.8 1875s
 187365 109465     cutoff   49       157.80807  161.29058  2.21%  66.8 1880s
 187827 109558  159.62553   60  926  157.80807  161.28964  2.21%  66.8 1885s
 188333 109891  158.30957   78  628  157.80807  161.28900  2.21%  66.8 1890s
 188737 110073     cutoff   58       157.80807  161.28866  2.21%  66.8 1895s
 189150 110252  158.71383  123  825  157.80807  161.28866  2.21%  66.8 1900s
 189688 110532  157.94351   34  813  157.80807  161.28793  2.21%  66.8 1905s
 190209 110783  157.94478   86  766  157.80807  161.28727  2.20%  66.8 1910s
 190744 111070 infeasible  104       157.80807  161.28667  2.20%  66.8 1915s
 191271 111386  158.14849  123  737  157.80807  161.28442  2.20%  66.8 1920s
 191788 111558  158.08335   68  661  157.80807  161.28276  2.20%  66.9 1925s
 192338 111746  158.60747   31 1153  157.80807  161.28149  2.20%  66.9 1930s
 192790 111879  158.85658   41 1018  157.80807  161.28010  2.20%  66.9 1935s
 193339 112042  158.06781   72  866  157.80807  161.27946  2.20%  66.9 1940s
 193838 112182  157.83118   40  880  157.80807  161.27752  2.20%  66.9 1946s
 194216 112252  157.87670   48  819  157.80807  161.27709  2.20%  66.9 1950s
 194874 112565  158.25620   76  681  157.80807  161.27631  2.20%  66.9 1955s
 195609 113052  159.50848   44  991  157.80807  161.27592  2.20%  66.8 1960s
 196107 113197  158.08558  133  615  157.80807  161.27521  2.20%  66.8 1965s
 196609 113408  158.30673   48  854  157.80807  161.27262  2.20%  66.8 1970s
 197218 113660  158.83535   40 1047  157.80807  161.27085  2.19%  66.8 1975s
 197807 113938  159.77445   39 1026  157.80807  161.27052  2.19%  66.8 1980s
 198362 114103  160.14881   37 1010  157.80807  161.26966  2.19%  66.8 1985s
 198794 114317  159.22878   48 1103  157.80807  161.26766  2.19%  66.8 1990s
 199128 114523  158.77284   87  724  157.80807  161.26744  2.19%  66.8 1995s
 199807 114858  158.41082   85  786  157.80807  161.26560  2.19%  66.8 2000s
 200397 115080  159.27171   61  941  157.80807  161.26315  2.19%  66.8 2005s
 200893 115389  158.55010   62  777  157.80807  161.26309  2.19%  66.7 2010s
 201467 115577  159.91131   40 1102  157.80807  161.26214  2.19%  66.7 2015s
 202007 115659  158.82963   49 1002  157.80807  161.26104  2.19%  66.8 2020s
 202507 115766  158.75577   50  831  157.80807  161.25938  2.19%  66.8 2025s
 203041 115929     cutoff   97       157.80807  161.25889  2.19%  66.8 2030s
 203409 116037  157.82544   42  788  157.80807  161.25761  2.19%  66.8 2035s
 203943 116254     cutoff   93       157.80807  161.25602  2.18%  66.8 2040s
 204319 116426     cutoff  121       157.80807  161.25414  2.18%  66.8 2045s
 204968 116641  157.89624   73  853  157.80807  161.25257  2.18%  66.8 2050s
 205545 116923  157.94456   38  806  157.80807  161.25115  2.18%  66.8 2055s
 206143 117187  158.52656   35  768  157.80807  161.24824  2.18%  66.7 2060s
 206733 117496  158.03308  107  603  157.80807  161.24705  2.18%  66.7 2065s
 207332 117720  158.20935   95  586  157.80807  161.24471  2.18%  66.7 2070s
 207864 117870  158.76064   85  900  157.80807  161.24354  2.18%  66.7 2075s
 208558 118064     cutoff   50       157.80807  161.24152  2.18%  66.6 2080s
 209110 118384  158.23160  102  778  157.80807  161.24043  2.18%  66.6 2085s
 209489 118473  158.25546   38 1018  157.80807  161.23998  2.17%  66.6 2090s
 209995 118631  158.11556   66  977  157.80807  161.23799  2.17%  66.6 2095s
 210473 118760  158.18487   34 1030  157.80807  161.23702  2.17%  66.7 2100s
 210971 118847     cutoff   37       157.80807  161.23513  2.17%  66.7 2105s
 211406 118985     cutoff  111       157.80807  161.23361  2.17%  66.7 2110s
 211906 119106  158.27864   58  729  157.80807  161.23158  2.17%  66.7 2115s
 212266 119259  158.31288   64  714  157.80807  161.22928  2.17%  66.7 2120s
 212770 119479  159.45783   42 1072  157.80807  161.22783  2.17%  66.7 2125s
 213250 119705  158.07141   85  803  157.80807  161.22639  2.17%  66.7 2130s
 213787 119836  159.15202   60  796  157.80807  161.22500  2.17%  66.7 2135s
 214242 120009  159.21322   62 1133  157.80807  161.22355  2.16%  66.7 2140s
 214675 120188  158.01278  111  809  157.80807  161.22217  2.16%  66.7 2145s
 215291 120388  158.99279   49  814  157.80807  161.22064  2.16%  66.7 2150s
 215785 120583  159.82467   32 1081  157.80807  161.21953  2.16%  66.7 2155s
 216407 120791  160.30525   40  949  157.80807  161.21591  2.16%  66.7 2160s
 216765 121126  158.16417   96  586  157.80807  161.21591  2.16%  66.7 2165s
 217074 121311  159.08732   29 1095  157.80807  161.21568  2.16%  66.6 2170s
 217603 121414     cutoff   55       157.80807  161.21501  2.16%  66.6 2175s
H217648 121428                     157.8080752  161.21489  2.16%  66.6 2175s
H217649 121429                     157.8080754  161.21489  2.16%  66.6 2176s
 217674 121456  158.28366   78  667  157.80808  161.21489  2.16%  66.6 2180s
 217866 121549  160.11447   41 1056  157.80808  161.21379  2.16%  66.6 2185s
 218500 122037  158.28366   75  562  157.80808  161.21329  2.16%  66.6 2190s
 219048 122340  158.55709   41 1046  157.80808  161.21329  2.16%  66.5 2195s
 219459 122493  157.83708   66  575  157.80808  161.21226  2.16%  66.5 2200s
 219674 122546  158.56327   48  894  157.80808  161.21099  2.16%  66.5 2205s
 220353 123017  158.26566  100  663  157.80808  161.21084  2.16%  66.5 2210s
 221058 123270  159.24085   65  850  157.80808  161.20936  2.16%  66.4 2215s
 221649 123513  158.34516   56  904  157.80808  161.20827  2.15%  66.4 2220s
 222072 123611     cutoff   71       157.80808  161.20649  2.15%  66.4 2225s
 222500 123651  160.67609   29 1142  157.80808  161.20601  2.15%  66.4 2230s
 222990 123752  160.24622   34 1069  157.80808  161.20415  2.15%  66.5 2235s
 223615 124055  157.81131   35 1005  157.80808  161.20396  2.15%  66.5 2240s
 224286 124337     cutoff   93       157.80808  161.20367  2.15%  66.4 2245s
 224642 124464     cutoff  180       157.80808  161.20276  2.15%  66.4 2250s
 225151 124604  158.04426   60  876  157.80808  161.20194  2.15%  66.4 2255s
 225643 124913  158.46432  114  787  157.80808  161.20194  2.15%  66.4 2260s
 226278 125225  159.92669   54 1023  157.80808  161.20119  2.15%  66.4 2265s
 226989 125516     cutoff   82       157.80808  161.20009  2.15%  66.3 2270s
 227693 125961  158.35280   43 1155  157.80808  161.19959  2.15%  66.3 2275s
 228313 126251  159.22904   52 1018  157.80808  161.19946  2.15%  66.3 2280s
 228757 126582  158.44129   88  809  157.80808  161.19924  2.15%  66.3 2285s
 229397 126971     cutoff  138       157.80808  161.19710  2.15%  66.3 2290s
 229809 127177  159.07124   82  997  157.80808  161.19684  2.15%  66.3 2295s
 230275 127284  158.24296   41 1044  157.80808  161.19556  2.15%  66.3 2300s
 230739 127403  160.02455   41  961  157.80808  161.19531  2.15%  66.3 2305s
 231246 127783  159.34293   39 1026  157.80808  161.19490  2.15%  66.3 2310s
 231918 128097  157.95299   85  728  157.80808  161.19430  2.15%  66.3 2315s
 232604 128366  157.95703   71  835  157.80808  161.19276  2.14%  66.2 2320s
 233170 128590  157.97269   81  714  157.80808  161.19255  2.14%  66.2 2325s
 233640 128675  157.81511   54  806  157.80808  161.19150  2.14%  66.2 2330s
 234219 129053  158.49074   91  676  157.80808  161.18997  2.14%  66.2 2335s
 234674 129332  157.94678  127  626  157.80808  161.18947  2.14%  66.1 2340s
 235153 129418  158.06516   59  911  157.80808  161.18724  2.14%  66.2 2345s
 235778 129590  159.93168   64  810  157.80808  161.18682  2.14%  66.1 2350s
 236299 129714  159.05992   32 1046  157.80808  161.18605  2.14%  66.1 2355s
 236738 129862  157.90097   45  820  157.80808  161.18563  2.14%  66.1 2360s
 237174 129938  160.55349   30 1330  157.80808  161.18532  2.14%  66.2 2365s
 237741 130234  158.72198   87  725  157.80808  161.18474  2.14%  66.2 2370s
 238340 130542     cutoff   40       157.80808  161.18384  2.14%  66.1 2375s
 238870 130700  157.83417   36  867  157.80808  161.18323  2.14%  66.2 2380s
 239329 130860  157.97533   68  769  157.80808  161.18139  2.14%  66.2 2385s
 239747 130996  158.19834   76  738  157.80808  161.17999  2.14%  66.2 2390s
 240260 131311  158.07355  115  615  157.80808  161.17903  2.14%  66.2 2395s
 240768 131591  158.30124   79  883  157.80808  161.17769  2.14%  66.2 2400s
 241288 131683  160.44322   35 1093  157.80808  161.17605  2.13%  66.2 2405s
 241844 132062  159.26081   35 1013  157.80808  161.17589  2.13%  66.2 2410s
 242337 132237  158.73556   45  838  157.80808  161.17462  2.13%  66.2 2415s
 242819 132372  160.73461   42 1037  157.80808  161.17241  2.13%  66.2 2420s
 243308 132657  159.18737   56 1014  157.80808  161.17169  2.13%  66.3 2425s
 244059 133114  158.27879   70  765  157.80808  161.16972  2.13%  66.2 2430s
 244640 133272  158.14077   40  945  157.80808  161.16825  2.13%  66.2 2435s
 244972 133440  158.03373  116  460  157.80808  161.16772  2.13%  66.2 2440s
 245540 133851  158.88997   89  739  157.80808  161.16743  2.13%  66.2 2445s
 246073 134170  158.45865   39 1116  157.80808  161.16743  2.13%  66.1 2450s
 246471 134230  159.51372   66  911  157.80808  161.16693  2.13%  66.2 2455s
 246914 134434  160.05408   37  982  157.80808  161.16647  2.13%  66.1 2460s
 247453 134710     cutoff   76       157.80808  161.16545  2.13%  66.1 2465s
 247995 134922  158.02213   57  985  157.80808  161.16299  2.13%  66.1 2470s
 248579 135259  158.55440   31  995  157.80808  161.16218  2.13%  66.1 2475s
 249144 135494  157.85561   65  730  157.80808  161.16104  2.12%  66.1 2480s
 249648 135675  157.94639  128  877  157.80808  161.15866  2.12%  66.1 2485s
 249979 135716  158.92437   41 1031  157.80808  161.15785  2.12%  66.1 2490s
 250590 136069  158.71169  103  686  157.80808  161.15697  2.12%  66.1 2495s
 251064 136421  157.99720   45  914  157.80808  161.15693  2.12%  66.1 2500s
 251618 136645  159.50807   45  867  157.80808  161.15616  2.12%  66.1 2505s
 252009 136708  158.16205   68  867  157.80808  161.15550  2.12%  66.1 2510s
 252608 136867  158.07004   54  798  157.80808  161.15357  2.12%  66.1 2515s
 253318 137378  158.04586  128  504  157.80808  161.15289  2.12%  66.0 2520s
 253620 137484  158.70250   26 1064  157.80808  161.15161  2.12%  66.1 2525s
 254037 137739     cutoff   55       157.80808  161.15161  2.12%  66.1 2530s
 254686 137931     cutoff   71       157.80808  161.15066  2.12%  66.0 2535s
 255050 138096  158.05064   92  710  157.80808  161.14996  2.12%  66.0 2540s
 255522 138388  158.27129   54  736  157.80808  161.14938  2.12%  66.0 2545s
 255979 138472  158.45617   58  879  157.80808  161.14878  2.12%  66.0 2550s
 256597 138899  159.49258   34 1018  157.80808  161.14813  2.12%  66.0 2555s
 257112 139094  157.93243   79  709  157.80808  161.14618  2.12%  66.0 2560s
 257689 139190     cutoff   37       157.80808  161.14489  2.11%  66.0 2565s
 258237 139375  158.02885   72  726  157.80808  161.14212  2.11%  66.0 2570s
 258883 139746  158.41899  102  545  157.80808  161.14156  2.11%  66.0 2575s
 259467 139958  157.83298   68  938  157.80808  161.14016  2.11%  66.0 2580s
 259986 140102  159.93300   38  930  157.80808  161.13988  2.11%  66.0 2585s
 260266 140270  159.76597   45  867  157.80808  161.13988  2.11%  65.9 2590s
 260870 140482  158.00339   58  798  157.80808  161.13913  2.11%  65.9 2595s
 261383 140729  158.84817   66  802  157.80808  161.13774  2.11%  65.9 2600s
 261931 141032  158.17717   47  938  157.80808  161.13667  2.11%  65.9 2605s
 262543 141294  158.86229   90  679  157.80808  161.13648  2.11%  65.9 2610s
 262907 141608  159.09715   41  878  157.80808  161.13619  2.11%  65.9 2615s
 263364 141806  159.03642   32 1078  157.80808  161.13361  2.11%  65.9 2620s
 263968 142140  158.49266   87  635  157.80808  161.13290  2.11%  65.9 2625s
 264174 142245  160.14980   49 1081  157.80808  161.13255  2.11%  65.9 2630s
 264581 142362  160.20315   28  958  157.80808  161.13157  2.11%  65.9 2635s
 265093 142552     cutoff   86       157.80808  161.13150  2.11%  65.9 2640s
 265428 142748  157.94754  108  756  157.80808  161.13149  2.11%  65.9 2645s
 265844 142829  157.97631   44  889  157.80808  161.13048  2.11%  65.9 2650s
 266341 143087  158.63019   46  919  157.80808  161.12932  2.10%  65.9 2655s
 266802 143181  158.63944   46  996  157.80808  161.12834  2.10%  65.9 2660s
 267312 143276  157.97130   41 1125  157.80808  161.12791  2.10%  65.9 2665s
 267797 143531  157.97258   45  654  157.80808  161.12765  2.10%  65.9 2670s
 268407 143692  158.07813   53  961  157.80808  161.12659  2.10%  65.9 2675s
 268873 143794  159.38347   72 1057  157.80808  161.12539  2.10%  65.9 2680s
 269312 144134  157.89332   85  757  157.80808  161.12460  2.10%  65.9 2685s
 270005 144429  158.65757   53  894  157.80808  161.12368  2.10%  65.9 2690s
 270353 144538 infeasible   40       157.80808  161.12337  2.10%  65.9 2695s
 270949 145027  158.28337   89  778  157.80808  161.12279  2.10%  65.9 2700s
 271613 145321  158.62616   88  827  157.80808  161.12208  2.10%  65.8 2705s
 272256 145648  158.20718   89  603  157.80808  161.12169  2.10%  65.8 2710s
 272829 145876  157.95593   37  992  157.80808  161.12030  2.10%  65.8 2715s
 273293 145947  160.21428   44  998  157.80808  161.11899  2.10%  65.8 2720s
 273792 146202  157.95384   56  959  157.80808  161.11830  2.10%  65.8 2725s
 274331 146404  158.02113   46  996  157.80808  161.11712  2.10%  65.8 2730s
 274889 146655  158.48413   93  667  157.80808  161.11536  2.10%  65.8 2735s
 275446 146823  158.46575   59  894  157.80808  161.11355  2.09%  65.8 2740s
 275727 146970  158.08703   93  847  157.80808  161.11306  2.09%  65.8 2745s
 276252 147194     cutoff   64       157.80808  161.11303  2.09%  65.8 2750s
 276922 147342  158.19614  104  729  157.80808  161.11295  2.09%  65.8 2755s
 277395 147558  158.54320   95  773  157.80808  161.11188  2.09%  65.8 2760s
 277891 147864  158.38749   58  673  157.80808  161.11186  2.09%  65.7 2765s
 278437 148053  160.00095   46  884  157.80808  161.11185  2.09%  65.8 2770s
 278903 148236     cutoff   48       157.80808  161.11056  2.09%  65.8 2775s
 279391 148492  158.55162   51  856  157.80808  161.11023  2.09%  65.8 2780s
 279916 148627  159.09475   35  904  157.80808  161.10953  2.09%  65.8 2785s
 280342 148671  158.98832   31 1026  157.80808  161.10907  2.09%  65.8 2790s
 280697 148793  158.49619   45 1151  157.80808  161.10869  2.09%  65.8 2795s
 281157 149000  158.63512   72  723  157.80808  161.10764  2.09%  65.8 2800s
 281801 149330  157.99140   80  833  157.80808  161.10736  2.09%  65.8 2805s
 282391 149515     cutoff  118       157.80808  161.10620  2.09%  65.8 2810s
 283028 149976     cutoff  132       157.80808  161.10603  2.09%  65.7 2815s
 283486 150139  158.12400   52  764  157.80808  161.10490  2.09%  65.8 2820s
 283992 150356  159.87494   78  973  157.80808  161.10383  2.09%  65.8 2825s
 284494 150534  157.91419   49  726  157.80808  161.10378  2.09%  65.8 2830s
 285069 150712  158.50936   64  692  157.80808  161.10271  2.09%  65.8 2835s
 285656 150987 infeasible   74       157.80808  161.10209  2.09%  65.7 2841s
 286022 151021     cutoff   50       157.80808  161.10161  2.09%  65.7 2845s
 286628 151434  158.14917   35  881  157.80808  161.10051  2.09%  65.7 2850s
 286987 151494  158.12137   91  837  157.80808  161.09954  2.09%  65.7 2855s
 287526 151808  158.43645   82  793  157.80808  161.09932  2.09%  65.7 2860s
 288049 152042     cutoff   46       157.80808  161.09803  2.08%  65.7 2865s
 288571 152190  157.93581   48  935  157.80808  161.09690  2.08%  65.7 2870s
 289133 152631  157.94980   49  636  157.80808  161.09609  2.08%  65.7 2875s
 289696 152862  158.24487   94  735  157.80808  161.09529  2.08%  65.7 2880s
 290167 152942  158.10115   72  852  157.80808  161.09521  2.08%  65.7 2885s
 290693 153106 infeasible   72       157.80808  161.09441  2.08%  65.7 2890s
 291164 153276  158.06861   81 1046  157.80808  161.09401  2.08%  65.7 2895s
 291637 153367  158.33980   42  970  157.80808  161.09273  2.08%  65.7 2900s
 292206 153561  158.25711   55  913  157.80808  161.09186  2.08%  65.7 2905s
 292671 153738  158.16172   93  789  157.80808  161.09105  2.08%  65.7 2911s
 292967 153871  158.17204  119  710  157.80808  161.09097  2.08%  65.7 2915s
 293406 154072  158.49670   44  937  157.80808  161.09034  2.08%  65.7 2920s
 293799 154169     cutoff   40       157.80808  161.09004  2.08%  65.8 2925s
 294294 154318  159.54223   42  969  157.80808  161.08850  2.08%  65.8 2930s
 294704 154719  158.02273   88  459  157.80808  161.08850  2.08%  65.8 2935s
 295259 155083  158.58957   84  598  157.80808  161.08726  2.08%  65.8 2940s
 295858 155354 infeasible   42       157.80808  161.08672  2.08%  65.7 2945s
 296295 155506     cutoff   57       157.80808  161.08490  2.08%  65.7 2950s
 296650 155610  157.95354   46  852  157.80808  161.08420  2.08%  65.7 2955s
 297024 155708  159.57680   46 1047  157.80808  161.08359  2.08%  65.8 2960s
 297628 155957  158.50762   64  762  157.80808  161.08308  2.08%  65.7 2965s
 298197 156226     cutoff   67       157.80808  161.08233  2.07%  65.7 2970s
 298730 156378     cutoff   82       157.80808  161.08216  2.07%  65.7 2975s
 299221 156588  157.97598   62  612  157.80808  161.08136  2.07%  65.7 2980s
 299699 156703  158.18378   75  624  157.80808  161.08058  2.07%  65.8 2985s
 300273 156858  158.11128   44  869  157.80808  161.08009  2.07%  65.7 2990s
 300762 156951  157.96092   56  754  157.80808  161.07833  2.07%  65.7 2995s
 301238 157140     cutoff   53       157.80808  161.07745  2.07%  65.7 3000s
 301706 157265     cutoff   51       157.80808  161.07570  2.07%  65.7 3005s
 302167 157453  158.90996   59  745  157.80808  161.07542  2.07%  65.7 3010s
 302559 157636  158.09183   66  892  157.80808  161.07456  2.07%  65.7 3015s
 303053 157801  158.54015   43  919  157.80808  161.07298  2.07%  65.7 3020s
 303596 158048  159.12806   51 1049  157.80808  161.07213  2.07%  65.7 3025s
 304171 158268     cutoff   90       157.80808  161.07144  2.07%  65.7 3030s
 304664 158475  158.46690   30 1041  157.80808  161.06964  2.07%  65.7 3036s
 304851 158478     cutoff   77       157.80808  161.06924  2.07%  65.7 3040s
 305295 158715  157.99122   63  715  157.80808  161.06894  2.07%  65.7 3045s
 305933 159070  158.31226   46  913  157.80808  161.06733  2.07%  65.7 3050s
 306338 159180     cutoff  128       157.80808  161.06597  2.06%  65.7 3055s
 306944 159388  159.28441   46  817  157.80808  161.06454  2.06%  65.7 3060s
 307497 159680  159.49268   34  952  157.80808  161.06355  2.06%  65.7 3065s
 308073 160062  158.00005   93  504  157.80808  161.06353  2.06%  65.6 3070s
 308785 160266     cutoff   80       157.80808  161.06331  2.06%  65.6 3075s
 309281 160506  158.46683   87  803  157.80808  161.06134  2.06%  65.6 3080s
 309815 160783  160.42263   32  951  157.80808  161.06073  2.06%  65.6 3085s
 310268 160903  158.03843   49  858  157.80808  161.06043  2.06%  65.6 3090s
 310687 161056  158.02611   63  615  157.80808  161.06017  2.06%  65.6 3095s
 311099 161137     cutoff   45       157.80808  161.05855  2.06%  65.6 3100s
 311481 161235  158.22723   48  704  157.80808  161.05768  2.06%  65.6 3105s
 311973 161413  160.00661   44 1071  157.80808  161.05606  2.06%  65.6 3110s
 312474 161816  160.33753   38  986  157.80808  161.05601  2.06%  65.6 3115s
 313113 162112     cutoff   51       157.80808  161.05496  2.06%  65.6 3120s
 313664 162293  160.31630   77  991  157.80808  161.05404  2.06%  65.5 3125s
 314329 162761  159.98173   27 1086  157.80808  161.05345  2.06%  65.5 3130s
 314905 162967  159.18104   80  844  157.80808  161.05262  2.06%  65.5 3135s
 315467 163189  157.93511   63  738  157.80808  161.05245  2.06%  65.5 3140s
 315969 163422  157.85680  114  839  157.80808  161.05215  2.06%  65.5 3145s
 316423 163624  157.98129   42  871  157.80808  161.05076  2.05%  65.5 3150s
 316930 163906  158.53441   91  782  157.80808  161.05026  2.05%  65.5 3155s
 317368 164158 infeasible   45       157.80808  161.05022  2.05%  65.5 3160s
 317911 164217  158.35206   41 1008  157.80808  161.04872  2.05%  65.5 3165s
 318521 164578  158.32026   77  783  157.80808  161.04671  2.05%  65.4 3170s
 319089 164889  159.30363   59  789  157.80808  161.04585  2.05%  65.4 3175s
 319721 165191  158.25423   79  650  157.80808  161.04564  2.05%  65.4 3180s
 320427 165434  160.28362   38  998  157.80808  161.04452  2.05%  65.4 3185s
 320892 165884  158.33050   95  635  157.80808  161.04452  2.05%  65.3 3190s
 321363 166066  158.67488   45  880  157.80808  161.04318  2.05%  65.3 3196s
 321837 166315  157.94326  119  623  157.80808  161.04310  2.05%  65.3 3200s
 322417 166468  157.95946   43  882  157.80808  161.04240  2.05%  65.3 3205s
 322892 166585  158.67115   39  963  157.80808  161.04103  2.05%  65.3 3210s
 323410 166787  157.82892  128  449  157.80808  161.03973  2.05%  65.4 3215s
 324010 166928  157.90048   47  992  157.80808  161.03917  2.05%  65.3 3220s
 324614 167191  158.87061   51  913  157.80808  161.03840  2.05%  65.3 3225s
 325106 167301  158.25588   62  921  157.80808  161.03700  2.05%  65.3 3230s
 325698 167578  158.48661   60  724  157.80808  161.03560  2.05%  65.3 3235s
H325825 167683                     157.8080756  161.03560  2.05%  65.3 3235s
H325825 167683                     157.8080759  161.03560  2.05%  65.3 3238s
 325841 167687  157.90734   95  673  157.80808  161.03560  2.05%  65.3 3240s
H325852 167687                     157.8080763  161.03560  2.05%  65.3 3240s
 325924 167698  158.76249   54 1009  157.80808  161.03552  2.05%  65.3 3245s
 326365 167888  158.01280   50  746  157.80808  161.03441  2.04%  65.3 3250s
 326781 168168  158.40527   82  610  157.80808  161.03376  2.04%  65.3 3255s
 327476 168389     cutoff   89       157.80808  161.03364  2.04%  65.2 3260s
 328055 168554  158.53164   84  614  157.80808  161.03211  2.04%  65.2 3265s
 328631 168852     cutoff   60       157.80808  161.03196  2.04%  65.2 3270s
 329166 169127     cutoff   26       157.80808  161.02987  2.04%  65.2 3275s
 329715 169325  160.05510   50 1080  157.80808  161.02842  2.04%  65.2 3280s
 329925 169510  158.20408   85  761  157.80808  161.02842  2.04%  65.2 3285s
 330499 169753     cutoff   48       157.80808  161.02833  2.04%  65.2 3290s
 330907 169975  157.81062   53  611  157.80808  161.02828  2.04%  65.2 3295s
 331509 170168 infeasible   79       157.80808  161.02777  2.04%  65.2 3300s
 331894 170509  158.28557   96  753  157.80808  161.02750  2.04%  65.2 3305s
 332487 170836     cutoff  109       157.80808  161.02665  2.04%  65.2 3310s
 332994 171084  157.85207   58  639  157.80808  161.02605  2.04%  65.2 3315s
 333354 171187  159.03430   54  959  157.80808  161.02561  2.04%  65.2 3320s
 334026 171484     cutoff   87       157.80808  161.02475  2.04%  65.2 3325s
 334665 171763     cutoff  111       157.80808  161.02475  2.04%  65.2 3330s
 335131 172178     cutoff  132       157.80808  161.02475  2.04%  65.1 3335s
 335726 172453  157.87766   49  783  157.80808  161.02362  2.04%  65.1 3340s
 336152 172550 infeasible   86       157.80808  161.02315  2.04%  65.1 3345s
 336644 172678  157.86867   46  725  157.80808  161.02305  2.04%  65.2 3350s
 337010 172781  157.93213   81  879  157.80808  161.02235  2.04%  65.2 3355s
 337469 172860  157.95796   37 1088  157.80808  161.02111  2.04%  65.2 3360s
 338057 173059  157.86811  107  673  157.80808  161.02001  2.04%  65.2 3365s
 338607 173276  158.20694   49  999  157.80808  161.01801  2.03%  65.1 3370s
 339144 173448  158.44281   48 1137  157.80808  161.01707  2.03%  65.1 3375s
 339626 173621  160.12843   44 1092  157.80808  161.01612  2.03%  65.1 3380s
 340183 174015  158.02248  261  532  157.80808  161.01570  2.03%  65.1 3385s
 340814 174311  160.67279   29 1158  157.80808  161.01447  2.03%  65.1 3390s
 341419 174577  158.54788   62  682  157.80808  161.01397  2.03%  65.1 3395s
 341767 174797  158.03100  141  480  157.80808  161.01397  2.03%  65.1 3400s
 342165 174882  159.64457   25 1138  157.80808  161.01345  2.03%  65.1 3405s
 342699 175054  159.25426   26 1140  157.80808  161.01197  2.03%  65.1 3410s
 343321 175405  160.22568   34  944  157.80808  161.00971  2.03%  65.1 3415s
 343850 175548  157.82246   91  627  157.80808  161.00773  2.03%  65.1 3420s
 344438 175764  158.22847   54  873  157.80808  161.00659  2.03%  65.1 3425s
 345010 176133  157.98641  143  552  157.80808  161.00615  2.03%  65.1 3430s
 345521 176342  158.27209   63  687  157.80808  161.00549  2.03%  65.1 3435s
 346151 176643  158.73604   47  908  157.80808  161.00495  2.03%  65.1 3440s
 346555 176858  159.20505   44  978  157.80808  161.00471  2.03%  65.0 3445s
 346873 176913  157.97533   58  725  157.80808  161.00440  2.03%  65.1 3450s
 347424 177083     cutoff   70       157.80808  161.00353  2.02%  65.1 3455s
 347892 177204  158.12000   42 1016  157.80808  161.00282  2.02%  65.1 3460s
 348427 177430  158.12801   78  931  157.80808  161.00260  2.02%  65.1 3465s
 348942 177460  158.08974   48  916  157.80808  161.00211  2.02%  65.1 3470s
 349593 177810  158.29277   92  861  157.80808  161.00170  2.02%  65.0 3475s
 350154 177964     cutoff   24       157.80808  161.00110  2.02%  65.0 3480s
 350700 178178  159.92629   64 1022  157.80808  161.00011  2.02%  65.0 3485s
 351416 178700  158.23315   77  704  157.80808  160.99963  2.02%  65.0 3490s
 351969 178829     cutoff   87       157.80808  160.99869  2.02%  65.0 3496s
 352355 178982  159.65814   51  995  157.80808  160.99822  2.02%  65.0 3500s
 353025 179370  160.07040   47  940  157.80808  160.99725  2.02%  65.0 3505s
 353669 179826  158.04240   29 1053  157.80808  160.99646  2.02%  64.9 3510s
 354022 179910  158.20682   28  978  157.80808  160.99602  2.02%  65.0 3516s
 354355 180030     cutoff   65       157.80808  160.99546  2.02%  64.9 3520s
 354916 180230  158.91745   62  801  157.80808  160.99335  2.02%  65.0 3525s
 355520 180601  158.31546   47 1023  157.80808  160.99325  2.02%  64.9 3530s
 356108 180892     cutoff   48       157.80808  160.99302  2.02%  64.9 3535s
 356599 181255     cutoff  127       157.80808  160.99290  2.02%  64.9 3540s
 357070 181447  158.29424   44 1014  157.80808  160.99239  2.02%  64.9 3545s
 357550 181760  158.04027   77  748  157.80808  160.99228  2.02%  64.9 3550s
 358040 181853  160.56158   91  973  157.80808  160.99202  2.02%  64.9 3555s
 358804 182412  158.02080   87  671  157.80808  160.99160  2.02%  64.8 3560s
 359292 182467  160.47378   37 1122  157.80808  160.99064  2.02%  64.8 3567s
 359577 182744  158.68791   76  616  157.80808  160.99064  2.02%  64.8 3570s
 360179 183159     cutoff   98       157.80808  160.99036  2.02%  64.8 3575s
 360751 183385  158.71246   74  730  157.80808  160.98923  2.02%  64.8 3580s
 361328 183719  158.08455   60  793  157.80808  160.98804  2.02%  64.8 3585s
 361977 183920  160.41255   38 1004  157.80808  160.98653  2.01%  64.8 3590s
 362464 184338  158.23237  132  548  157.80808  160.98653  2.01%  64.7 3595s
 363148 184522  160.38705   32  980  157.80808  160.98531  2.01%  64.7 3600s
 363728 184754  160.76850   29 1177  157.80808  160.98435  2.01%  64.7 3605s
 364413 185039  159.75365   73  805  157.80808  160.98316  2.01%  64.7 3610s
 365051 185484  158.36625  150  602  157.80808  160.98270  2.01%  64.6 3615s
 365606 185743  158.14682   56  904  157.80808  160.98195  2.01%  64.6 3620s
 366133 185911  158.21533   49  939  157.80808  160.98012  2.01%  64.7 3625s
 366574 186254  158.27651   97  659  157.80808  160.97994  2.01%  64.7 3630s
 367108 186458     cutoff   52       157.80808  160.97781  2.01%  64.6 3635s
 367579 186633  157.96367   93  705  157.80808  160.97763  2.01%  64.6 3640s
 368360 187148  157.84152  165  437  157.80808  160.97744  2.01%  64.6 3645s
 368980 187380  157.93503   58  885  157.80808  160.97663  2.01%  64.6 3650s
 369491 187677  158.14480   74  618  157.80808  160.97555  2.01%  64.6 3655s
 370185 188105  157.96021   93  604  157.80808  160.97545  2.01%  64.5 3660s
 370838 188349  158.28786   49  907  157.80808  160.97460  2.01%  64.5 3665s
 371462 188740     cutoff   52       157.80808  160.97321  2.01%  64.5 3670s
 372000 188942  158.20192   59  678  157.80808  160.97182  2.00%  64.5 3675s
 372419 189154  160.54523   34 1088  157.80808  160.97118  2.00%  64.5 3680s
 373001 189391  159.18711   52  995  157.80808  160.97022  2.00%  64.5 3685s
 373549 189638  158.38223   81  626  157.80808  160.97022  2.00%  64.5 3690s
 373964 189762  158.02891   70  983  157.80808  160.97003  2.00%  64.5 3695s
 374604 189990     cutoff   81       157.80808  160.96886  2.00%  64.4 3700s
 375166 190200  157.97565   35  930  157.80808  160.96838  2.00%  64.4 3705s
 375857 190474  158.10647   61  680  157.80808  160.96807  2.00%  64.4 3710s
 376380 190593  159.92602  101  940  157.80808  160.96622  2.00%  64.4 3715s
 376822 190844  158.73840   55  747  157.80808  160.96608  2.00%  64.4 3720s
 377062 191014  158.28366   77  575  157.80808  160.96608  2.00%  64.4 3725s
 377538 191248  159.76736   38  985  157.80808  160.96570  2.00%  64.4 3730s
 378275 191788  158.02175   42  816  157.80808  160.96538  2.00%  64.3 3735s
 378825 191997  157.91418   72  722  157.80808  160.96496  2.00%  64.3 3740s
 379429 192147  157.93651   83  700  157.80808  160.96337  2.00%  64.3 3745s
 379980 192284     cutoff   90       157.80808  160.96280  2.00%  64.3 3750s
 380439 192488     cutoff   91       157.80808  160.96237  2.00%  64.3 3755s
 381002 192614  159.36363   38 1137  157.80808  160.96102  2.00%  64.3 3760s
 381481 192678  157.92218   45 1002  157.80808  160.96007  2.00%  64.3 3765s
 381966 193034  157.92530   56  890  157.80808  160.95973  2.00%  64.3 3770s
 382575 193198  158.26989   56  900  157.80808  160.95811  2.00%  64.3 3776s
 383013 193394 infeasible  119       157.80808  160.95778  2.00%  64.3 3780s
 383610 193636     cutoff   75       157.80808  160.95596  1.99%  64.3 3785s
 384210 193866  158.00533   38  838  157.80808  160.95521  1.99%  64.3 3790s
 384713 194016     cutoff   96       157.80808  160.95429  1.99%  64.3 3795s
 385211 194120     cutoff   21       157.80808  160.95415  1.99%  64.3 3800s
 385707 194255  157.94561   72  549  157.80808  160.95320  1.99%  64.3 3805s
 386252 194565  158.39345   36  855  157.80808  160.95297  1.99%  64.3 3810s
 386792 194750  158.38513   68  880  157.80808  160.95215  1.99%  64.3 3815s
 387311 194897  158.41222  106  923  157.80808  160.95099  1.99%  64.3 3820s
 387676 194986  159.52993   41  811  157.80808  160.95035  1.99%  64.3 3825s
 388350 195373  159.52122   46  829  157.80808  160.94964  1.99%  64.3 3830s
 388934 195845  157.97533  103  727  157.80808  160.94936  1.99%  64.3 3835s
 389473 196090  158.40672  105  793  157.80808  160.94858  1.99%  64.3 3840s
 390043 196274  159.17716   46  934  157.80808  160.94733  1.99%  64.3 3845s
 390640 196681  159.91876   38 1027  157.80808  160.94664  1.99%  64.2 3850s
 391216 196942  158.93081   68  783  157.80808  160.94520  1.99%  64.2 3855s
 391728 197204  158.25188  130  638  157.80808  160.94441  1.99%  64.2 3860s
 392251 197411  159.92677   37  837  157.80808  160.94323  1.99%  64.2 3865s
 392777 197695  157.83945   91  609  157.80808  160.94273  1.99%  64.2 3870s
 393235 197974     cutoff   93       157.80808  160.94248  1.99%  64.2 3875s
 393674 198204  158.13693   43  878  157.80808  160.94007  1.98%  64.2 3880s
 394345 198449  159.64932   40 1067  157.80808  160.93975  1.98%  64.2 3885s
 394802 198602     cutoff  184       157.80808  160.93955  1.98%  64.2 3890s
 395288 198804  158.48512   95  767  157.80808  160.93796  1.98%  64.2 3895s
 395845 199113  160.00078   81  930  157.80808  160.93703  1.98%  64.2 3900s
 396439 199386  159.28034   65  783  157.80808  160.93640  1.98%  64.2 3905s
 396976 199832  158.56997   65  707  157.80808  160.93631  1.98%  64.1 3910s
 397595 200078     cutoff   37       157.80808  160.93594  1.98%  64.1 3915s
 397925 200121  160.64850   42 1092  157.80808  160.93367  1.98%  64.1 3920s
 398531 200606  157.94060  191  352  157.80808  160.93354  1.98%  64.1 3925s
 399230 200987  158.15387   52  785  157.80808  160.93339  1.98%  64.1 3930s
 399870 201249  158.27060  111  824  157.80808  160.93210  1.98%  64.1 3935s
 400198 201352  158.66177   39  936  157.80808  160.93072  1.98%  64.1 3941s
 400199 201353  158.45794   40  931  157.80808  160.93072  1.98%  64.1 3945s
 400536 201436     cutoff   61       157.80808  160.92985  1.98%  64.1 3950s
 400914 201585  158.56020   38  924  157.80808  160.92968  1.98%  64.1 3955s
 401487 201714  160.04183   48  995  157.80808  160.92791  1.98%  64.1 3960s
 402079 201998  158.08272  186  551  157.80808  160.92743  1.98%  64.1 3965s
 402746 202268  157.96412  121  736  157.80808  160.92671  1.98%  64.1 3970s
 403070 202426  158.98915   53  680  157.80808  160.92611  1.98%  64.1 3975s
 403746 202867  157.94967   50  695  157.80808  160.92568  1.98%  64.0 3980s
 403879 202887  158.53180   45 1047  157.80808  160.92557  1.98%  64.0 3985s
 404251 203000  158.05129   36 1012  157.80808  160.92452  1.97%  64.1 3990s
 404700 203133  158.03132   79  967  157.80808  160.92401  1.97%  64.1 3995s
 405310 203446  158.60979   45  823  157.80808  160.92309  1.97%  64.1 4000s
 405848 203670  159.48980   66  996  157.80808  160.92293  1.97%  64.0 4005s
 406363 203790  159.49815   36  964  157.80808  160.92188  1.97%  64.0 4010s
 406876 203878  158.16920   40  950  157.80808  160.92041  1.97%  64.0 4015s
 407324 203952  160.50045   35 1045  157.80808  160.91963  1.97%  64.0 4020s
 407771 204141     cutoff   79       157.80808  160.91944  1.97%  64.1 4025s
 408149 204219  157.96362   44  779  157.80808  160.91933  1.97%  64.1 4030s
 408607 204501     cutoff   84       157.80808  160.91773  1.97%  64.1 4035s
 409156 204739     cutoff   68       157.80808  160.91679  1.97%  64.1 4040s
 409817 205048     cutoff  120       157.80808  160.91666  1.97%  64.0 4045s
 410496 205297     cutoff   41       157.80808  160.91638  1.97%  64.0 4050s
 411173 205683  157.96938  113  581  157.80808  160.91510  1.97%  64.0 4055s
 411806 206145  157.98641  143  546  157.80808  160.91507  1.97%  64.0 4060s
 412253 206244     cutoff   55       157.80808  160.91449  1.97%  64.0 4065s
 412862 206607  157.81144  103  664  157.80808  160.91397  1.97%  64.0 4070s
 413265 206774  158.03226   51  709  157.80808  160.91343  1.97%  64.0 4075s
 413767 206861  158.19687   63  798  157.80808  160.91283  1.97%  64.0 4080s
 414365 207199  159.09515   40  925  157.80808  160.91225  1.97%  63.9 4085s
 414823 207376     cutoff   37       157.80808  160.91205  1.97%  63.9 4090s
 415382 207466  158.37119   90  700  157.80808  160.91145  1.97%  63.9 4095s
 416017 207893  157.84091   46  792  157.80808  160.91128  1.97%  63.9 4100s
 416482 208037  157.99654   43  917  157.80808  160.91048  1.97%  63.9 4105s
 416976 208210     cutoff   72       157.80808  160.91038  1.97%  63.9 4110s
 417550 208306  158.48609   69  735  157.80808  160.90956  1.97%  63.9 4115s
 418027 208455  158.25068   37  924  157.80808  160.90878  1.96%  63.9 4120s
 418431 208683  157.81070   62  694  157.80808  160.90769  1.96%  63.9 4125s
 418982 208960  158.76850   50  814  157.80808  160.90712  1.96%  63.9 4130s
 419524 209110  159.06572   50 1074  157.80808  160.90626  1.96%  63.9 4135s
 420104 209222     cutoff   73       157.80808  160.90535  1.96%  63.9 4140s
 420570 209396  158.24275   57  810  157.80808  160.90424  1.96%  63.9 4145s
 420949 209569     cutoff   94       157.80808  160.90379  1.96%  63.9 4150s
 421385 209757  157.84022   54  669  157.80808  160.90223  1.96%  63.9 4155s
 422102 210082  157.93057  108  610  157.80808  160.90221  1.96%  63.9 4160s
 422703 210326  157.81291   75  557  157.80808  160.90167  1.96%  63.9 4165s
 423167 210454  159.35370   42  912  157.80808  160.90053  1.96%  63.9 4170s
 423625 210803     cutoff  174       157.80808  160.90053  1.96%  63.9 4175s
 424139 210998  158.03226   65  866  157.80808  160.89906  1.96%  63.9 4180s
 424668 211234  157.95953   59  659  157.80808  160.89845  1.96%  63.9 4185s
 425286 211306  160.26778   42  948  157.80808  160.89766  1.96%  63.9 4190s
 425883 211784     cutoff   87       157.80808  160.89698  1.96%  63.9 4195s
 426492 212030     cutoff  116       157.80808  160.89631  1.96%  63.9 4200s
 427110 212569  157.95074  123  571  157.80808  160.89579  1.96%  63.9 4205s
 427614 212763  158.07785   69  796  157.80808  160.89517  1.96%  63.8 4210s
 428262 213142  158.44129  102  733  157.80808  160.89490  1.96%  63.8 4215s
 428569 213409  157.84058  131  539  157.80808  160.89490  1.96%  63.8 4220s
 429114 213646  157.98269   70  672  157.80808  160.89462  1.96%  63.8 4225s
 429660 213851  157.92322   79  720  157.80808  160.89158  1.95%  63.8 4230s
 430181 214241  158.35918   46  792  157.80808  160.89119  1.95%  63.8 4235s
 430742 214465  158.04586  100  482  157.80808  160.89055  1.95%  63.8 4240s
 431222 214657  159.25031   61  703  157.80808  160.89037  1.95%  63.8 4245s
 431633 214791  158.02224   47  867  157.80808  160.89018  1.95%  63.8 4250s
 432246 215140  157.86943  111  574  157.80808  160.88942  1.95%  63.8 4255s
 432783 215293  157.88064   60  793  157.80808  160.88816  1.95%  63.8 4260s
 433344 215555  157.94830   47  865  157.80808  160.88794  1.95%  63.8 4265s
 433642 215802  158.39637   97  672  157.80808  160.88794  1.95%  63.8 4270s
 434231 216011  158.22249   54  920  157.80808  160.88700  1.95%  63.8 4275s
 434774 216140  158.15881   42  779  157.80808  160.88678  1.95%  63.8 4280s
 435246 216311  159.48980   29 1020  157.80808  160.88612  1.95%  63.8 4285s
 435752 216459  158.23567   48 1083  157.80808  160.88320  1.95%  63.8 4290s
 436186 216639  158.02841   71  882  157.80808  160.88264  1.95%  63.8 4295s
 436787 216926  158.08693   70  953  157.80808  160.88086  1.95%  63.8 4300s
 437388 217081  159.25855   68  882  157.80808  160.87935  1.95%  63.8 4305s
 437948 217323  158.09753   58  681  157.80808  160.87857  1.95%  63.8 4310s
 438451 217537  158.06094   81  618  157.80808  160.87857  1.95%  63.8 4315s
 438897 217655  157.97961   74  720  157.80808  160.87748  1.95%  63.8 4320s
 439160 217738  158.09275   50  749  157.80808  160.87632  1.94%  63.8 4325s
 439510 217757  159.57448   30  904  157.80808  160.87580  1.94%  63.8 4330s
 440293 218203  159.61327   61  704  157.80808  160.87560  1.94%  63.7 4335s
 440838 218607  158.37415  116  638  157.80808  160.87546  1.94%  63.7 4340s
 441471 218800  159.15289   31 1025  157.80808  160.87442  1.94%  63.7 4345s
 442067 219044     cutoff  132       157.80808  160.87383  1.94%  63.7 4350s
 442753 219359  158.70615   42 1158  157.80808  160.87333  1.94%  63.7 4355s
 443213 219443  158.34981   50  768  157.80808  160.87248  1.94%  63.7 4360s
 443617 219779  158.03945   74  580  157.80808  160.87228  1.94%  63.7 4365s
 444029 219854  158.07551  152  646  157.80808  160.87109  1.94%  63.7 4370s
 444618 220151  159.96002   37  841  157.80808  160.86985  1.94%  63.7 4375s
 445118 220458  158.00005   78  540  157.80808  160.86985  1.94%  63.7 4380s
 445847 220715  158.48845   36 1065  157.80808  160.86833  1.94%  63.6 4385s
 446445 220980  157.96668  135  679  157.80808  160.86805  1.94%  63.6 4390s
 447071 221220  158.93174   50  726  157.80808  160.86805  1.94%  63.6 4395s
 447760 221443  159.76073   38 1015  157.80808  160.86687  1.94%  63.6 4400s
 448276 221806  157.94095   49  875  157.80808  160.86667  1.94%  63.6 4405s
 448775 221904  158.09349   49  871  157.80808  160.86661  1.94%  63.6 4410s
 449186 222009     cutoff   43       157.80808  160.86616  1.94%  63.6 4415s
 449419 222177     cutoff   50       157.80808  160.86601  1.94%  63.6 4420s
 449947 222287  157.92147   90  842  157.80808  160.86532  1.94%  63.6 4425s
 450518 222464  160.82294   40 1181  157.80808  160.86466  1.94%  63.6 4430s
 451085 222638  160.32992   35 1133  157.80808  160.86312  1.94%  63.6 4436s
 451490 222836     cutoff  169       157.80808  160.86312  1.94%  63.6 4440s
 452159 223122  158.70019   46  851  157.80808  160.86228  1.94%  63.5 4445s
 452770 223372  158.98159   36  971  157.80808  160.86206  1.94%  63.5 4450s
 453370 223615  158.62319   34 1032  157.80808  160.86190  1.94%  63.5 4455s
 453810 223806     cutoff   41       157.80808  160.86175  1.94%  63.5 4460s
 454180 223918     cutoff   85       157.80808  160.86071  1.93%  63.5 4465s
 454794 224117     cutoff   66       157.80808  160.86027  1.93%  63.5 4470s
 455356 224332  158.85985   62  973  157.80808  160.85945  1.93%  63.5 4476s
 455635 224548  158.49152   78  765  157.80808  160.85929  1.93%  63.5 4480s
 456167 224704  158.40222   95  626  157.80808  160.85878  1.93%  63.5 4485s
 456922 225008  158.05773   89  792  157.80808  160.85813  1.93%  63.5 4490s
 457397 225108  158.73763   42 1058  157.80808  160.85776  1.93%  63.5 4495s
 457862 225432  158.02826   66  621  157.80808  160.85734  1.93%  63.5 4500s
 458367 225607  158.09798   70  835  157.80808  160.85624  1.93%  63.5 4505s
 459034 225782  159.62331   41  930  157.80808  160.85511  1.93%  63.5 4510s
 459400 225997  158.19469   98  701  157.80808  160.85498  1.93%  63.5 4515s
 459894 226128  157.84794   77  590  157.80808  160.85346  1.93%  63.5 4520s
 460514 226399  158.64658   38  883  157.80808  160.85259  1.93%  63.5 4525s
 461203 226645  157.99429   59  656  157.80808  160.85158  1.93%  63.5 4530s
 461867 227095  157.92697  175  537  157.80808  160.85141  1.93%  63.4 4535s
 462463 227355  158.27462   61  796  157.80808  160.85106  1.93%  63.4 4540s
 462942 227443  159.40886   28 1098  157.80808  160.85071  1.93%  63.4 4545s
 463347 227517  157.82201   46 1037  157.80808  160.85013  1.93%  63.4 4550s
 463758 227694  157.96980   66  735  157.80808  160.85009  1.93%  63.5 4555s
 464191 227814  157.93607   55  815  157.80808  160.84996  1.93%  63.5 4560s
 464439 227902  158.96859   38 1047  157.80808  160.84972  1.93%  63.5 4566s
 464659 228004  158.98180   41 1083  157.80808  160.84932  1.93%  63.5 4570s
 465235 228248  157.90918   96  662  157.80808  160.84878  1.93%  63.4 4575s
 465936 228844     cutoff  200       157.80808  160.84848  1.93%  63.4 4580s
 466465 229005  159.51157   48  938  157.80808  160.84796  1.93%  63.4 4585s
 466993 229188  159.33128   36  842  157.80808  160.84781  1.93%  63.4 4590s
 467724 229450  159.94531   67  813  157.80808  160.84664  1.93%  63.4 4595s
 468418 229762  159.88983   70  832  157.80808  160.84652  1.93%  63.4 4600s
 468983 229960  158.13452   52  944  157.80808  160.84574  1.92%  63.4 4605s
 469292 230017     cutoff   66       157.80808  160.84547  1.92%  63.4 4610s
 469843 230222  158.65909   39 1021  157.80808  160.84440  1.92%  63.4 4615s
 470276 230450  158.33699   53  783  157.80808  160.84317  1.92%  63.4 4620s
 470803 230657  158.19213   81  887  157.80808  160.84211  1.92%  63.4 4625s
 471443 230925  158.60923   59  908  157.80808  160.84110  1.92%  63.4 4630s
 471811 231147  158.39274   46 1054  157.80808  160.84084  1.92%  63.4 4635s
 472367 231336  157.96373   42  965  157.80808  160.83983  1.92%  63.4 4640s
 473104 231832  157.88733  189  599  157.80808  160.83966  1.92%  63.3 4645s
 473524 231974  160.02110   36 1198  157.80808  160.83757  1.92%  63.3 4650s
 474176 232251  158.74219   38 1000  157.80808  160.83725  1.92%  63.3 4655s
 474658 232584  158.54523  139  526  157.80808  160.83700  1.92%  63.3 4660s
 475218 232816  157.96006   50 1007  157.80808  160.83644  1.92%  63.3 4665s
 475793 233066  157.81062   90  560  157.80808  160.83603  1.92%  63.3 4670s
 476285 233358  159.66002   26 1198  157.80808  160.83591  1.92%  63.3 4675s
 476935 233567     cutoff  105       157.80808  160.83523  1.92%  63.3 4680s
 477416 233863  158.26480   71  694  157.80808  160.83410  1.92%  63.2 4685s
 477973 234088  160.06992   98  777  157.80808  160.83276  1.92%  63.3 4690s
 478536 234351  159.81670   85  970  157.80808  160.83183  1.92%  63.2 4695s
 479111 234628     cutoff  126       157.80808  160.83183  1.92%  63.2 4700s
 479494 234761  159.01190   86  748  157.80808  160.83141  1.92%  63.2 4705s
 479885 235005  158.86701   53  777  157.80808  160.83116  1.92%  63.2 4710s
 480438 235287  158.17767   43 1046  157.80808  160.83081  1.92%  63.2 4715s
 480966 235419  158.23109   57  874  157.80808  160.82977  1.91%  63.2 4720s
 481450 235602     cutoff   53       157.80808  160.82885  1.91%  63.2 4725s
 482148 235924  158.87408   74  860  157.80808  160.82780  1.91%  63.2 4730s
 482892 236260  157.83184  102  642  157.80808  160.82675  1.91%  63.2 4735s
 483402 236422  158.39943   46  916  157.80808  160.82640  1.91%  63.2 4740s
 484131 236941  160.22265   98  894  157.80808  160.82608  1.91%  63.2 4745s
 484595 237180  158.40256  102  722  157.80808  160.82494  1.91%  63.1 4750s
 485043 237419  158.00005   63  548  157.80808  160.82458  1.91%  63.2 4755s
 485660 237789  158.52145   78  523  157.80808  160.82440  1.91%  63.1 4760s
 486271 238023     cutoff   85       157.80808  160.82433  1.91%  63.1 4765s
 486683 238156  158.28328   58  842  157.80808  160.82341  1.91%  63.1 4771s
 486969 238286  158.04001   51  963  157.80808  160.82261  1.91%  63.1 4775s
 487520 238449  158.56901  153  490  157.80808  160.82140  1.91%  63.1 4780s
 488123 238713  159.98823   35 1036  157.80808  160.82022  1.91%  63.1 4785s
 488647 239005  158.23784   87  755  157.80808  160.82019  1.91%  63.1 4790s
 489359 239281     cutoff   88       157.80808  160.81982  1.91%  63.1 4795s
 489745 239456  158.52145   95  629  157.80808  160.81962  1.91%  63.1 4800s
 490329 239807  158.95092   43  927  157.80808  160.81934  1.91%  63.1 4805s
 490906 239934  158.14461   45  816  157.80808  160.81907  1.91%  63.0 4810s
 491340 240211     cutoff   59       157.80808  160.81873  1.91%  63.1 4815s
 491880 240482     cutoff   54       157.80808  160.81818  1.91%  63.1 4820s
 492390 240663  158.02136   69  911  157.80808  160.81749  1.91%  63.1 4825s
 492986 240901     cutoff   95       157.80808  160.81588  1.91%  63.1 4830s
 493620 241086  158.24854   50  859  157.80808  160.81539  1.91%  63.1 4835s
 494172 241124  160.23831   44 1032  157.80808  160.81524  1.91%  63.0 4840s
 494787 241431  159.13439   71  714  157.80808  160.81467  1.91%  63.0 4845s
 495104 241687  159.94469   39  982  157.80808  160.81467  1.91%  63.0 4850s
 495715 242008  157.96454  100  768  157.80808  160.81462  1.91%  63.0 4855s
 496419 242508  157.98641  196  614  157.80808  160.81444  1.91%  63.0 4860s
 496988 242646  158.01711   79  974  157.80808  160.81408  1.90%  63.0 4865s
 497506 242888  158.88803   41  923  157.80808  160.81304  1.90%  63.0 4870s
 498090 243147  157.83418  108  673  157.80808  160.81260  1.90%  63.0 4875s
 498664 243372  159.78616   39  987  157.80808  160.81177  1.90%  63.0 4880s
 499086 243711     cutoff   69       157.80808  160.81177  1.90%  63.0 4885s
 499521 243954  160.29599   91  953  157.80808  160.81163  1.90%  63.0 4890s
H499600 244029                     157.8080763  160.81163  1.90%  63.0 4890s
 499627 244042  157.96660  183  338  157.80808  160.81163  1.90%  63.0 4895s
 499740 244069  158.51116   57  835  157.80808  160.81161  1.90%  63.0 4900s
 499994 244129  159.23667   45  908  157.80808  160.81097  1.90%  63.0 4905s
 500498 244389  158.35563   75  784  157.80808  160.81032  1.90%  62.9 4910s
 500957 244547  160.08123   59  869  157.80808  160.80988  1.90%  62.9 4915s
 501596 244744  158.18979   42  818  157.80808  160.80866  1.90%  62.9 4920s
 502166 244960     cutoff   42       157.80808  160.80785  1.90%  62.9 4925s
 502550 245050     cutoff   50       157.80808  160.80725  1.90%  63.0 4930s
 503166 245197  157.86055   68  757  157.80808  160.80710  1.90%  62.9 4935s
 503618 245381  158.17979   39  855  157.80808  160.80615  1.90%  63.0 4940s
 504179 245687  158.42419  146  698  157.80808  160.80595  1.90%  62.9 4945s
 504725 245891     cutoff   55       157.80808  160.80556  1.90%  62.9 4950s
 505203 246081     cutoff   66       157.80808  160.80518  1.90%  62.9 4955s
 505887 246506  157.98641  214  548  157.80808  160.80439  1.90%  62.9 4960s
 506338 246648  158.01392   53  915  157.80808  160.80393  1.90%  62.9 4965s
 506832 247012  158.34562  125  704  157.80808  160.80348  1.90%  62.9 4970s
 507288 247183  157.85643   71  490  157.80808  160.80325  1.90%  62.9 4975s
 507868 247380     cutoff   70       157.80808  160.80228  1.90%  62.9 4980s
 508389 247562  158.48048   46  963  157.80808  160.80182  1.90%  62.9 4985s
 509028 247762  158.10979   79  804  157.80808  160.80046  1.90%  62.9 4990s
 509655 247939     cutoff  128       157.80808  160.80010  1.90%  62.9 4995s
 510108 248179  158.04649   40 1032  157.80808  160.80001  1.90%  62.9 5000s
 510651 248315  158.39157   60  629  157.80808  160.79853  1.89%  62.9 5005s
 511234 248598     cutoff   47       157.80808  160.79785  1.89%  62.9 5010s
 511959 248821  159.75371  102  693  157.80808  160.79751  1.89%  62.8 5015s
 512598 249251  158.18840   57  879  157.80808  160.79689  1.89%  62.8 5020s
 513157 249471  159.68702   54 1200  157.80808  160.79653  1.89%  62.8 5025s
 513756 249747  159.13916   62  823  157.80808  160.79611  1.89%  62.8 5030s
 514249 249894  158.26955   52 1022  157.80808  160.79602  1.89%  62.8 5035s
 514762 249975  159.04066   50  916  157.80808  160.79510  1.89%  62.8 5040s
 515201 250135  158.25995   80  564  157.80808  160.79494  1.89%  62.8 5045s
 515656 250272  158.11848   51  952  157.80808  160.79477  1.89%  62.8 5050s
 516246 250484     cutoff   58       157.80808  160.79386  1.89%  62.8 5055s
 516735 250607  157.95870   48  862  157.80808  160.79346  1.89%  62.8 5060s
 517181 250860  158.43072   78  583  157.80808  160.79287  1.89%  62.8 5065s
 517596 251051  159.37412   44 1078  157.80808  160.79263  1.89%  62.8 5070s
 518183 251326  157.93230   93  686  157.80808  160.79127  1.89%  62.8 5075s
 518917 251872     cutoff   87       157.80808  160.79079  1.89%  62.8 5080s
 519568 252102  158.88238   78  665  157.80808  160.79052  1.89%  62.8 5085s
 520106 252401  158.02757  167  501  157.80808  160.79026  1.89%  62.8 5090s
 520587 252645  159.97341   81 1040  157.80808  160.79026  1.89%  62.8 5095s
 521416 253238  158.54998   89  858  157.80808  160.79026  1.89%  62.7 5100s
 522124 253617  157.90208  114  663  157.80808  160.79026  1.89%  62.7 5105s
 522663 253801  159.02959   74  726  157.80808  160.78990  1.89%  62.7 5110s
 523274 254045  160.25685   41 1162  157.80808  160.78958  1.89%  62.7 5115s
 523808 254317  158.06822   37  903  157.80808  160.78867  1.89%  62.7 5120s
 524274 254475  157.98238   56  739  157.80808  160.78855  1.89%  62.7 5125s
 524860 254658  158.81052  141  593  157.80808  160.78801  1.89%  62.7 5130s
 525403 254909     cutoff   61       157.80808  160.78749  1.89%  62.7 5135s
 525877 255093  158.54830   43  953  157.80808  160.78643  1.89%  62.7 5140s
 526442 255172     cutoff   87       157.80808  160.78643  1.89%  62.7 5145s
 526951 255326  157.94839   95  858  157.80808  160.78558  1.89%  62.7 5150s
 527465 255475  158.43026  130  735  157.80808  160.78522  1.89%  62.7 5155s
 527947 255706     cutoff   82       157.80808  160.78460  1.89%  62.7 5160s
 528504 255970  157.81876  101  344  157.80808  160.78323  1.89%  62.7 5165s
 529216 256154  157.94802   61  718  157.80808  160.78252  1.88%  62.7 5170s
 529839 256535  158.86722   48  930  157.80808  160.78115  1.88%  62.7 5175s
 530330 256669 infeasible   53       157.80808  160.78076  1.88%  62.7 5180s
 530741 256839  157.97438   48  838  157.80808  160.78063  1.88%  62.7 5185s
H530773 256838                     157.8080766  160.78063  1.88%  62.7 5185s
 530829 256872  157.92129   73  578  157.80808  160.78060  1.88%  62.7 5191s
 531320 256984  158.87632   99  629  157.80808  160.78050  1.88%  62.7 5195s
 531659 257199  159.34791   85  848  157.80808  160.78050  1.88%  62.7 5200s
 532023 257364     cutoff   59       157.80808  160.77960  1.88%  62.7 5205s
 532655 257542  157.92817   70  838  157.80808  160.77915  1.88%  62.7 5210s
 533268 257753  158.15614   82  771  157.80808  160.77808  1.88%  62.7 5215s
 533799 257999  158.23784   84  580  157.80808  160.77804  1.88%  62.7 5220s
 534531 258349  158.51551  112  666  157.80808  160.77783  1.88%  62.6 5225s
 535208 258732  159.56591   37 1137  157.80808  160.77711  1.88%  62.6 5230s
 535656 258865  157.87009   67  661  157.80808  160.77651  1.88%  62.6 5235s
 536304 259139     cutoff   64       157.80808  160.77620  1.88%  62.6 5240s
 536809 259294  159.22318   55  968  157.80808  160.77551  1.88%  62.6 5245s
 537229 259600  159.34958   43 1036  157.80808  160.77544  1.88%  62.6 5252s
 537356 259635  157.92160  104  604  157.80808  160.77539  1.88%  62.6 5255s
 537889 259763  157.81843   95  533  157.80808  160.77539  1.88%  62.6 5260s
 538411 259985  157.93206   84  772  157.80808  160.77472  1.88%  62.6 5265s
 538938 260149     cutoff   55       157.80808  160.77405  1.88%  62.6 5270s
 539507 260322  157.93229  124  701  157.80808  160.77327  1.88%  62.6 5275s
 540078 260578  158.60404   51  839  157.80808  160.77309  1.88%  62.6 5280s
 540545 260809  158.33296   70  589  157.80808  160.77303  1.88%  62.6 5285s
 540964 260974  157.97842   52  938  157.80808  160.77282  1.88%  62.6 5290s
 541736 261457  158.40672   73  783  157.80808  160.77255  1.88%  62.5 5295s
 542414 261782  157.87948   58  939  157.80808  160.77186  1.88%  62.5 5300s
 542965 261941  159.49873   65  858  157.80808  160.77148  1.88%  62.5 5305s
 543317 262241  158.80878  123  769  157.80808  160.77130  1.88%  62.5 5310s
 544126 262666  157.97277   70  643  157.80808  160.77066  1.88%  62.5 5315s
 544725 262801  159.57194   80  628  157.80808  160.77014  1.88%  62.5 5320s
 545421 263243  158.04770  126  463  157.80808  160.76999  1.88%  62.4 5325s
 545807 263357  157.95976   44  968  157.80808  160.76990  1.88%  62.5 5331s
 546138 263464  157.91174   81  805  157.80808  160.76902  1.88%  62.5 5335s
 546816 263614  158.25232   53  857  157.80808  160.76841  1.88%  62.4 5340s
 547426 263863  159.33656   71  756  157.80808  160.76778  1.88%  62.4 5345s
 548000 264346     cutoff  192       157.80808  160.76778  1.88%  62.4 5350s
 548520 264523  159.05047   64  862  157.80808  160.76701  1.88%  62.4 5355s
 549038 264698  158.62551   45 1012  157.80808  160.76607  1.87%  62.4 5360s
 549508 264831  158.34102   40  892  157.80808  160.76510  1.87%  62.4 5365s
 550092 265023  158.07304   31  891  157.80808  160.76421  1.87%  62.4 5370s
 550700 265160     cutoff   66       157.80808  160.76393  1.87%  62.4 5375s
 551088 265394  157.96022   65  661  157.80808  160.76359  1.87%  62.4 5380s
 551507 265362  159.39584   24 1044  157.80808  160.76323  1.87%  62.4 5385s
 552171 265555  158.34781   83  737  157.80808  160.76296  1.87%  62.4 5390s
 552718 265700  160.18084   44 1237  157.80808  160.76229  1.87%  62.4 5395s
 553351 265995  158.60108   40  844  157.80808  160.76144  1.87%  62.4 5400s
 553905 266187     cutoff   52       157.80808  160.76140  1.87%  62.4 5405s
 554456 266482  159.06463   64  972  157.80808  160.76135  1.87%  62.4 5410s
 554992 266719     cutoff   85       157.80808  160.76121  1.87%  62.4 5415s
 555436 266926  159.32544   51  868  157.80808  160.76121  1.87%  62.4 5420s
 556009 267083  158.51040   54  990  157.80808  160.76088  1.87%  62.4 5426s
 556329 267216  158.12952   39  962  157.80808  160.76049  1.87%  62.4 5430s
 556873 267346  159.88991   42 1146  157.80808  160.76009  1.87%  62.4 5435s
 557411 267657  158.77300   75  600  157.80808  160.75976  1.87%  62.4 5440s
 558051 268085  159.13466   52 1020  157.80808  160.75961  1.87%  62.4 5445s
 558595 268320  158.13539   43  883  157.80808  160.75949  1.87%  62.4 5450s
 559069 268371  158.86131   36 1001  157.80808  160.75868  1.87%  62.4 5455s
 559680 268630  158.67720   37 1029  157.80808  160.75759  1.87%  62.4 5460s
 560204 268805  158.81247   71  866  157.80808  160.75731  1.87%  62.4 5465s
 560763 269139     cutoff   82       157.80808  160.75728  1.87%  62.4 5470s
 561110 269204  159.89794   37 1142  157.80808  160.75691  1.87%  62.4 5475s
 561669 269530  157.84448  104  588  157.80808  160.75662  1.87%  62.4 5480s
 562356 269824  159.08300   48  866  157.80808  160.75572  1.87%  62.4 5485s
 563065 270192  157.99114   84  771  157.80808  160.75532  1.87%  62.4 5490s
 563619 270344  158.55473   45  858  157.80808  160.75477  1.87%  62.4 5495s
 564193 270548  159.04451   48  855  157.80808  160.75383  1.87%  62.4 5500s
 564757 270764  158.16968   42  853  157.80808  160.75361  1.87%  62.4 5505s
 565234 270926  158.71289   28  964  157.80808  160.75328  1.87%  62.4 5510s
 565751 271136  158.11498   60  701  157.80808  160.75292  1.87%  62.4 5515s
 566211 271284  158.40256   61  763  157.80808  160.75202  1.87%  62.3 5520s
 566913 271670  158.28705   38  974  157.80808  160.75127  1.87%  62.3 5525s
 567504 271810  158.01192   65  857  157.80808  160.75097  1.86%  62.3 5530s
 568155 271993  159.49391   35  994  157.80808  160.75004  1.86%  62.3 5535s
 568786 272202  157.98165   81  743  157.80808  160.74994  1.86%  62.3 5540s
 569450 272419  160.21604   36 1033  157.80808  160.74946  1.86%  62.3 5545s
 570051 272675  158.24906  100  792  157.80808  160.74895  1.86%  62.3 5550s
 570437 272908  158.45186   48  668  157.80808  160.74893  1.86%  62.3 5555s
 571131 273135  158.96156   44  996  157.80808  160.74852  1.86%  62.3 5560s
 571501 273318  158.34117  164  648  157.80808  160.74842  1.86%  62.3 5565s
 571926 273678  158.29280   69  741  157.80808  160.74841  1.86%  62.3 5570s
 572608 273866  158.25748   42  899  157.80808  160.74803  1.86%  62.2 5575s
 573124 273904  159.73447   96  847  157.80808  160.74713  1.86%  62.2 5580s
 573745 274323  157.81503   42  813  157.80808  160.74700  1.86%  62.2 5585s
 574343 274456  159.56150   68  853  157.80808  160.74680  1.86%  62.2 5590s
 575040 274846  158.57331   80  908  157.80808  160.74666  1.86%  62.2 5595s
 575636 275017  158.12537  102  697  157.80808  160.74628  1.86%  62.2 5600s
 576261 275423  158.54523  125  413  157.80808  160.74541  1.86%  62.2 5605s
 576766 275712  158.37156   77  725  157.80808  160.74502  1.86%  62.2 5610s
 577423 275849  159.52416   44  901  157.80808  160.74412  1.86%  62.2 5615s
 578022 276101  159.22393   40  796  157.80808  160.74353  1.86%  62.1 5620s
 578625 276346  158.18160   73  876  157.80808  160.74265  1.86%  62.1 5625s
 579208 276628     cutoff   62       157.80808  160.74157  1.86%  62.1 5630s
 579874 276918     cutoff   83       157.80808  160.74072  1.86%  62.1 5635s
 580328 277095 infeasible   93       157.80808  160.74043  1.86%  62.1 5640s
 580961 277409  158.47642  109  556  157.80808  160.74000  1.86%  62.1 5645s
 581504 277620  157.84867   41  810  157.80808  160.73951  1.86%  62.1 5650s
 581797 277820     cutoff   55       157.80808  160.73951  1.86%  62.1 5655s
 582248 277933  160.02519   46 1189  157.80808  160.73928  1.86%  62.1 5660s
 582661 278047  157.87019   51  808  157.80808  160.73902  1.86%  62.1 5665s
 583066 278111  158.19438   53  815  157.80808  160.73857  1.86%  62.2 5670s
 583647 278480  158.10531  144  597  157.80808  160.73797  1.86%  62.2 5675s
 584156 278574  157.85080   49  607  157.80808  160.73753  1.86%  62.1 5680s
 584871 278687     cutoff   51       157.80808  160.73714  1.86%  62.1 5685s
 585512 279157  158.27761  113  615  157.80808  160.73697  1.86%  62.1 5690s
 586109 279481     cutoff   78       157.80808  160.73646  1.86%  62.1 5695s
 586615 279675  159.12991   38  855  157.80808  160.73523  1.85%  62.1 5700s
 587000 279806     cutoff   47       157.80808  160.73519  1.85%  62.1 5705s
 587463 279894  158.02449   64  723  157.80808  160.73487  1.85%  62.1 5710s
 588092 280126  158.21133   97  765  157.80808  160.73410  1.85%  62.1 5715s
 588606 280178  158.98011   37  973  157.80808  160.73365  1.85%  62.1 5720s
 589176 280396  159.76369   31 1075  157.80808  160.73316  1.85%  62.1 5725s
 589809 280751  158.12658   43  774  157.80808  160.73286  1.85%  62.1 5730s
 590393 280936  159.45278   44  969  157.80808  160.73174  1.85%  62.1 5735s
 590956 281063  158.57812  210  587  157.80808  160.73078  1.85%  62.1 5740s
 591298 281155  158.06140  226  511  157.80808  160.73078  1.85%  62.1 5745s
 591716 281247  157.86220  225  488  157.80808  160.73078  1.85%  62.1 5750s
 592169 281372  158.07941  234  426  157.80808  160.73078  1.85%  62.1 5755s
 592718 281501  158.12452  260  526  157.80808  160.73078  1.85%  62.1 5760s
 593193 281616     cutoff  242       157.80808  160.73078  1.85%  62.1 5765s
 593741 281810  159.88398   29  995  157.80808  160.73018  1.85%  62.1 5770s
 594234 281974  158.25443   71  554  157.80808  160.72943  1.85%  62.1 5775s
 594521 282036  157.92608   61  652  157.80808  160.72920  1.85%  62.1 5780s
 595045 282143  159.52040   58  871  157.80808  160.72829  1.85%  62.1 5785s
 595637 282344     cutoff   76       157.80808  160.72784  1.85%  62.1 5790s
 596111 282406  157.89446   43  865  157.80808  160.72723  1.85%  62.1 5795s
 596673 282722  159.81957   41  939  157.80808  160.72714  1.85%  62.0 5800s
 596999 282820  159.79674   51  991  157.80808  160.72695  1.85%  62.1 5805s
 597621 283053  158.50572   52  855  157.80808  160.72675  1.85%  62.0 5810s
 598124 283294  158.18677   43  791  157.80808  160.72606  1.85%  62.0 5815s
 598766 283471  157.98580   95  544  157.80808  160.72523  1.85%  62.0 5820s
 599317 283623  157.96957   51  904  157.80808  160.72460  1.85%  62.0 5825s
 599821 283794  158.43624   77  735  157.80808  160.72377  1.85%  62.0 5830s
 600411 284008  158.81984   66  773  157.80808  160.72306  1.85%  62.0 5835s
 601062 284318     cutoff   85       157.80808  160.72211  1.85%  62.0 5840s
 601555 284495  157.87584   44  919  157.80808  160.72165  1.85%  62.0 5845s
 601841 284567  157.94844   52  756  157.80808  160.72165  1.85%  62.0 5850s
 602261 284841     cutoff   63       157.80808  160.72110  1.85%  62.0 5855s
 602931 285075     cutoff   59       157.80808  160.72035  1.85%  62.0 5860s
 603406 285204  158.06527   46  955  157.80808  160.71963  1.84%  62.0 5865s
 603994 285282  157.89094   81  504  157.80808  160.71849  1.84%  62.0 5870s
 604614 285596  158.61265   44  871  157.80808  160.71791  1.84%  62.0 5875s
 605225 285801  159.53928   42 1057  157.80808  160.71779  1.84%  62.0 5880s
 605682 285979     cutoff   78       157.80808  160.71738  1.84%  62.0 5885s
 606155 286145  158.00054   47  755  157.80808  160.71656  1.84%  62.0 5891s
 606383 286215  158.75045  100  667  157.80808  160.71630  1.84%  62.0 5895s
 606896 286280  158.43739   99  685  157.80808  160.71612  1.84%  62.0 5900s
 607188 286388     cutoff   56       157.80808  160.71573  1.84%  62.0 5905s
 607791 286608  158.14245   57  599  157.80808  160.71566  1.84%  62.0 5910s
 608502 286982  159.84219   60  965  157.80808  160.71503  1.84%  62.0 5915s
 609056 287152  158.88091   55 1056  157.80808  160.71452  1.84%  62.0 5920s
 609552 287351  158.42480   58  916  157.80808  160.71421  1.84%  62.0 5925s
 610052 287449  159.09148   27  958  157.80808  160.71332  1.84%  62.0 5930s
 610469 287624  158.92294   46  927  157.80808  160.71245  1.84%  62.0 5935s
 611060 287846  159.00691   35 1110  157.80808  160.71170  1.84%  62.0 5940s
 611537 287961  158.93700   65  805  157.80808  160.71119  1.84%  62.0 5945s
 612120 288216  157.91645   70  717  157.80808  160.71073  1.84%  62.0 5951s
 612548 288384  159.63221   72  777  157.80808  160.71048  1.84%  62.0 5955s
 613077 288597  158.08472   64  923  157.80808  160.70991  1.84%  62.0 5960s
 613643 288760  160.07799   28 1031  157.80808  160.70889  1.84%  62.0 5965s
 614079 288889  158.15497  172  535  157.80808  160.70806  1.84%  62.0 5970s
 614384 288995  157.89660  200  607  157.80808  160.70796  1.84%  62.0 5975s
 614901 289125  157.87384   90  661  157.80808  160.70782  1.84%  62.0 5980s
 615469 289295  157.85251   72  793  157.80808  160.70697  1.84%  62.0 5985s
 616000 289388  159.40252   17 1140  157.80808  160.70645  1.84%  62.0 5990s
 616524 289600 infeasible   51       157.80808  160.70485  1.84%  62.0 5995s
 616950 289733     cutoff   49       157.80808  160.70424  1.84%  62.1 6000s
 617301 289818  158.79383   37  950  157.80808  160.70405  1.84%  62.1 6005s
 617852 289937  158.59928   66  812  157.80808  160.70319  1.83%  62.1 6010s
 618131 289996  157.85553   53  886  157.80808  160.70294  1.83%  62.1 6016s
 618316 290051  158.02553   59  848  157.80808  160.70294  1.83%  62.1 6020s
 618859 290255  157.89200  139  649  157.80808  160.70222  1.83%  62.1 6025s
 619295 290517  157.96441   51  826  157.80808  160.70179  1.83%  62.1 6030s
 619849 290666  158.08991   61  656  157.80808  160.70142  1.83%  62.1 6035s
 620569 291010  158.29497   79  894  157.80808  160.70142  1.83%  62.0 6040s
 621301 291332  157.83689  125  671  157.80808  160.70123  1.83%  62.0 6045s
 621861 291752  158.19353   52  941  157.80808  160.70113  1.83%  62.0 6050s
 622322 291800  158.86093   74  759  157.80808  160.70072  1.83%  62.0 6055s
 622917 291998  157.84718   70  773  157.80808  160.70055  1.83%  62.0 6060s
 623509 292450  157.98138   59  888  157.80808  160.70008  1.83%  62.0 6065s
 624148 292642  160.11501   41 1142  157.80808  160.69907  1.83%  62.0 6070s
 624661 292812  158.66827   51 1079  157.80808  160.69884  1.83%  62.0 6075s
 625109 292913  159.05961   48  929  157.80808  160.69806  1.83%  62.0 6080s
 625630 293073  158.76751   66  726  157.80808  160.69725  1.83%  62.0 6085s
 626164 293271 infeasible   59       157.80808  160.69698  1.83%  62.0 6090s
 626854 293596  157.89972   53  788  157.80808  160.69631  1.83%  62.0 6095s
 627348 293702  157.91015   88  736  157.80808  160.69583  1.83%  62.0 6100s
 627650 293894  158.20134   78  562  157.80808  160.69549  1.83%  62.0 6105s
 628244 294224  157.90781   75  763  157.80808  160.69549  1.83%  62.0 6110s
 628793 294436     cutoff   93       157.80808  160.69546  1.83%  62.0 6115s
 629249 294708  158.20293   81  564  157.80808  160.69525  1.83%  62.0 6120s
 629794 294951  159.45912   50  790  157.80808  160.69407  1.83%  62.0 6125s
 630438 295256  158.14860   62  648  157.80808  160.69357  1.83%  62.0 6130s
 630905 295444  158.31360   61  825  157.80808  160.69324  1.83%  62.0 6135s
 631190 295530  158.02912   76  675  157.80808  160.69302  1.83%  62.0 6140s
 631749 295740     cutoff   83       157.80808  160.69241  1.83%  62.0 6145s
 632197 295894  159.48169   46 1004  157.80808  160.69174  1.83%  62.0 6150s
 632524 296044     cutoff   57       157.80808  160.69156  1.83%  62.0 6155s
 633032 296135  158.00092   89  611  157.80808  160.69137  1.83%  62.0 6160s
 633761 296496  159.08177   33 1027  157.80808  160.69086  1.83%  62.0 6165s
 634264 296645  158.17550  100  854  157.80808  160.69026  1.83%  62.0 6170s
 634740 296786  158.21433   39  939  157.80808  160.68862  1.83%  62.0 6175s
 635151 296798     cutoff   69       157.80808  160.68829  1.83%  62.0 6180s
 635699 297035  158.06578   89  628  157.80808  160.68783  1.82%  62.0 6185s
 636283 297172  157.83945   68  573  157.80808  160.68691  1.82%  62.0 6190s
 636891 297614  159.30161   34 1112  157.80808  160.68661  1.82%  62.0 6195s
 637459 297784  159.50490   43  932  157.80808  160.68640  1.82%  62.0 6200s
 637649 297833  157.86218   55  678  157.80808  160.68640  1.82%  62.0 6210s
 637884 297862  158.51243   35 1100  157.80808  160.68596  1.82%  62.0 6215s
 638222 297941  157.98203   63  716  157.80808  160.68580  1.82%  62.0 6220s
 638822 298151  157.87185   82  627  157.80808  160.68533  1.82%  62.0 6225s
 639239 298242  157.94725   78  619  157.80808  160.68465  1.82%  62.0 6230s
 639471 298285  157.92799   75  718  157.80808  160.68364  1.82%  62.0 6235s
 639929 298348     cutoff   47       157.80808  160.68345  1.82%  62.0 6240s
 640454 298417  158.13088   94  692  157.80808  160.68250  1.82%  62.1 6245s
 641191 298583  158.21242   94  704  157.80808  160.68249  1.82%  62.0 6250s
 641702 298689  158.77235   35  908  157.80808  160.68139  1.82%  62.0 6255s
 642184 298799  159.11074   59  916  157.80808  160.68078  1.82%  62.0 6260s
 642726 299060     cutoff   68       157.80808  160.68063  1.82%  62.0 6266s
 643076 299173  158.84648   55  621  157.80808  160.68045  1.82%  62.0 6270s
 643659 299490     cutoff   48       157.80808  160.68013  1.82%  62.0 6275s
 644150 299527  157.97089   68  755  157.80808  160.67941  1.82%  62.0 6280s
 644689 299896  157.98641  123  714  157.80808  160.67899  1.82%  62.0 6285s
 645287 300156  158.11083   52  925  157.80808  160.67876  1.82%  62.0 6290s
 645684 300271  158.56333   43  887  157.80808  160.67840  1.82%  62.0 6295s
 646201 300396  158.49266   36  864  157.80808  160.67794  1.82%  62.0 6300s
 646710 300522  158.11226   64  827  157.80808  160.67735  1.82%  62.0 6305s
 647241 300694     cutoff   53       157.80808  160.67701  1.82%  62.0 6310s
 647796 300930  158.27362   50  818  157.80808  160.67630  1.82%  62.1 6315s
 648188 300999  158.25840   79  725  157.80808  160.67627  1.82%  62.0 6320s
 648831 301177  158.03874   62  777  157.80808  160.67588  1.82%  62.0 6325s
 649261 301426  159.16365   68  778  157.80808  160.67585  1.82%  62.0 6330s
 649978 301858  159.46400   52  954  157.80808  160.67537  1.82%  62.0 6335s
 650683 302281  158.22851  138  663  157.80808  160.67465  1.82%  62.0 6340s
 651260 302541     cutoff   74       157.80808  160.67393  1.82%  62.0 6345s
 651764 302689  158.22822   62  722  157.80808  160.67376  1.82%  62.0 6354s
 651814 302686  160.37791   33  987  157.80808  160.67376  1.82%  62.0 6355s
 652304 303127  158.42634   81  506  157.80808  160.67365  1.82%  62.0 6360s
 652927 303307  159.87370   38 1018  157.80808  160.67300  1.82%  62.0 6365s
 653330 303485  157.96370   36  956  157.80808  160.67239  1.82%  62.0 6370s
 653996 303840  158.20240   78  558  157.80808  160.67208  1.81%  62.0 6375s
 654570 303981  157.93595   60  838  157.80808  160.67133  1.81%  62.0 6380s
 655050 304097  158.34176   74  821  157.80808  160.67033  1.81%  62.0 6385s
 655695 304266  158.44384   80  787  157.80808  160.66912  1.81%  61.9 6390s
 656334 304632     cutoff  191       157.80808  160.66903  1.81%  61.9 6395s
 657054 304944  157.96011   54  850  157.80808  160.66876  1.81%  61.9 6400s
 657603 305126     cutoff   80       157.80808  160.66733  1.81%  61.9 6405s
 658029 305219  158.02098   82  619  157.80808  160.66658  1.81%  61.9 6410s
 658586 305423  157.98121   53  836  157.80808  160.66578  1.81%  61.9 6415s
 659002 305621  157.82994   55  508  157.80808  160.66575  1.81%  61.9 6420s
 659562 305841  158.60694  106  617  157.80808  160.66567  1.81%  62.0 6425s
 660236 306207  158.26407   85  675  157.80808  160.66489  1.81%  62.0 6430s
 660898 306540     cutoff  146       157.80808  160.66444  1.81%  61.9 6435s
 661455 306691  158.24719   51  869  157.80808  160.66346  1.81%  61.9 6440s
 661888 306962  157.98880  111  616  157.80808  160.66318  1.81%  61.9 6445s
 662602 307171  158.45520   69  893  157.80808  160.66257  1.81%  61.9 6450s
 663130 307242 infeasible   45       157.80808  160.66208  1.81%  61.9 6455s
 663640 307363     cutoff   74       157.80808  160.66176  1.81%  61.9 6460s
 664296 307742  157.94156   55  910  157.80808  160.66167  1.81%  61.9 6465s
 664897 307930  159.11922   51  907  157.80808  160.66143  1.81%  61.9 6470s
 665460 308091  158.13568   51  706  157.80808  160.66080  1.81%  61.9 6475s
 665979 308323  157.94838   44  835  157.80808  160.66026  1.81%  61.9 6480s
 666583 308689  158.05923   49  814  157.80808  160.65988  1.81%  61.9 6485s
 667116 308861  158.21042   55  633  157.80808  160.65966  1.81%  61.9 6490s
 667748 309123  157.83907   63  730  157.80808  160.65961  1.81%  61.9 6495s
 668231 309429  157.84365   96  654  157.80808  160.65961  1.81%  61.9 6501s
 668513 309471     cutoff  131       157.80808  160.65952  1.81%  61.9 6505s
 669138 309633  159.78059   27 1131  157.80808  160.65903  1.81%  61.9 6510s
 669666 309788     cutoff   43       157.80808  160.65859  1.81%  61.9 6515s
 670341 310146  159.03718   57  620  157.80808  160.65858  1.81%  61.9 6520s
 670814 310463  157.99120   69  623  157.80808  160.65858  1.81%  61.9 6525s
 671340 310521  159.87359   31 1111  157.80808  160.65822  1.81%  61.9 6530s
 671838 310704  159.69231   34 1084  157.80808  160.65736  1.81%  61.9 6535s
 672359 310779  159.01061   45 1061  157.80808  160.65726  1.81%  61.9 6540s
 672888 310950  157.91570   96  571  157.80808  160.65679  1.81%  61.9 6545s
 673332 311166  159.01350   38  901  157.80808  160.65601  1.80%  61.9 6550s
 673994 311477  157.84429   81  526  157.80808  160.65579  1.80%  61.9 6555s
 674547 311637  159.07407  103  967  157.80808  160.65481  1.80%  61.9 6560s
 675036 311786  158.00357   62  914  157.80808  160.65430  1.80%  61.9 6565s
 675629 311982  158.10057   41  760  157.80808  160.65388  1.80%  61.9 6570s
 676204 312241  157.92420   60 1022  157.80808  160.65331  1.80%  61.9 6575s
 676576 312316  158.75235   61  923  157.80808  160.65283  1.80%  61.9 6580s
 677029 312569  158.02230  102  681  157.80808  160.65229  1.80%  61.9 6585s
 677748 313102  157.90998  187  436  157.80808  160.65220  1.80%  61.9 6590s
 678280 313230  157.88515   87  835  157.80808  160.65186  1.80%  61.9 6595s
 678721 313418  158.45730   78  746  157.80808  160.65138  1.80%  61.9 6600s
 679444 313652     cutoff   38       157.80808  160.65086  1.80%  61.8 6605s
 680155 313789     cutoff   63       157.80808  160.65062  1.80%  61.8 6610s
 680736 313955  158.12543   51  921  157.80808  160.65039  1.80%  61.8 6615s
 681210 314074  157.91453   60  711  157.80808  160.64993  1.80%  61.8 6620s
 681646 314135     cutoff   42       157.80808  160.64850  1.80%  61.8 6625s
 682155 314236  159.63466   50 1085  157.80808  160.64780  1.80%  61.9 6630s
 682711 314592  157.81708   91  651  157.80808  160.64766  1.80%  61.8 6635s
 683247 314883  157.99911   80  581  157.80808  160.64742  1.80%  61.8 6640s
 683667 315010  158.73815   35 1017  157.80808  160.64724  1.80%  61.8 6645s
 684218 315163     cutoff   46       157.80808  160.64703  1.80%  61.8 6650s
 684829 315358  158.66152   56  768  157.80808  160.64660  1.80%  61.8 6655s
 685365 315469  157.88012   47  724  157.80808  160.64586  1.80%  61.8 6660s
 686065 315646  157.87173   63  885  157.80808  160.64561  1.80%  61.8 6665s
 686665 315812  157.86462   45  846  157.80808  160.64526  1.80%  61.8 6670s
 687204 316115  159.52322   42  818  157.80808  160.64521  1.80%  61.8 6675s
 687797 316318  159.23431   28 1029  157.80808  160.64423  1.80%  61.8 6680s
 688111 316475  158.66979   67  849  157.80808  160.64414  1.80%  61.8 6685s
 688633 316692  158.98720   42  866  157.80808  160.64359  1.80%  61.8 6690s
 689054 316781  158.37457   93  548  157.80808  160.64321  1.80%  61.8 6695s
 689710 317222  158.16193   88  724  157.80808  160.64312  1.80%  61.8 6700s
 690312 317396  158.41003   51  942  157.80808  160.64218  1.80%  61.8 6705s
 690714 317483     cutoff   96       157.80808  160.64173  1.80%  61.8 6710s
 691216 317705  158.51286   65  805  157.80808  160.64154  1.80%  61.8 6715s
 691817 317928  158.83205   47 1063  157.80808  160.64106  1.80%  61.8 6720s
 692427 318233  157.82877   79  669  157.80808  160.64092  1.80%  61.8 6725s
 692936 318354  159.14961   41 1081  157.80808  160.64085  1.80%  61.8 6730s
 693417 318539  157.99302   74  678  157.80808  160.64018  1.79%  61.8 6735s
 693860 318704  158.67550   64  889  157.80808  160.63997  1.79%  61.8 6740s
 694453 318857  159.86821   44 1098  157.80808  160.63794  1.79%  61.8 6745s
 694978 319083  157.99097   97  674  157.80808  160.63722  1.79%  61.8 6750s
 695568 319252  157.86261   82  690  157.80808  160.63680  1.79%  61.8 6755s
 695970 319338  158.02846   68  862  157.80808  160.63674  1.79%  61.8 6760s
 696163 319389  159.34390  125  738  157.80808  160.63672  1.79%  61.8 6765s
 696681 319625  157.92491   95  552  157.80808  160.63633  1.79%  61.8 6770s
 697287 319754  158.22576  122  644  157.80808  160.63537  1.79%  61.8 6775s
 697958 319957  158.27700   60  927  157.80808  160.63459  1.79%  61.8 6780s
 698490 320171  158.06907   28 1157  157.80808  160.63371  1.79%  61.8 6785s
 698864 320286  158.94086   38  899  157.80808  160.63318  1.79%  61.8 6790s
H699223 320469                     157.8080769  160.63291  1.79%  61.8 6793s
 699223 320471  157.83596   52  920  157.80808  160.63291  1.79%  61.8 6795s
 699357 320441  158.29267   44 1002  157.80808  160.63282  1.79%  61.9 6800s
 699690 320512  157.94718   67  729  157.80808  160.63199  1.79%  61.9 6805s
 700128 320645  158.28039   53  938  157.80808  160.63158  1.79%  61.9 6810s
 700653 320795     cutoff   65       157.80808  160.63030  1.79%  61.9 6815s
 701179 320942  158.53718   28 1030  157.80808  160.62951  1.79%  61.9 6820s
 701204 320945  159.18776   69 1085  157.80808  160.62946  1.79%  61.9 6825s
 701576 321110     cutoff   74       157.80808  160.62923  1.79%  61.9 6830s
 702047 321281     cutoff  112       157.80808  160.62894  1.79%  61.9 6835s
 702631 321419     cutoff   49       157.80808  160.62839  1.79%  61.9 6840s
 703150 321553  157.84120   58  847  157.80808  160.62829  1.79%  61.9 6845s
 703807 321730     cutoff   66       157.80808  160.62798  1.79%  61.8 6850s
 704240 321906  157.92496   87  611  157.80808  160.62763  1.79%  61.8 6855s
 704769 322240  157.88402  102  623  157.80808  160.62735  1.79%  61.8 6860s
 705311 322274  158.95134   66  888  157.80808  160.62605  1.79%  61.8 6865s
 705829 322416  158.21648   55  781  157.80808  160.62470  1.78%  61.8 6870s
 706364 322516     cutoff   90       157.80808  160.62411  1.78%  61.8 6875s
 707014 322737  158.44268   77  907  157.80808  160.62371  1.78%  61.8 6880s
 707513 322844  158.60575   45  938  157.80808  160.62240  1.78%  61.8 6885s
 708059 323085  158.61948   50  844  157.80808  160.62195  1.78%  61.8 6890s
 708713 323487  157.96041  137  339  157.80808  160.62048  1.78%  61.8 6895s
 709125 323593  159.02729   75  870  157.80808  160.62035  1.78%  61.8 6900s
 709672 323710  158.17836   43  933  157.80808  160.61999  1.78%  61.8 6905s
 710150 323849  159.13602   54 1086  157.80808  160.61910  1.78%  61.8 6910s
 710594 323946  158.05768   54  790  157.80808  160.61878  1.78%  61.8 6915s
 711096 324047  157.91239   54  757  157.80808  160.61857  1.78%  61.9 6920s
 711651 324163  159.29063   35 1024  157.80808  160.61795  1.78%  61.9 6925s
 712284 324403  157.85778   77  682  157.80808  160.61676  1.78%  61.9 6930s
 712826 324578  160.05481   31 1093  157.80808  160.61548  1.78%  61.9 6935s
 713243 324795  157.90454   78  563  157.80808  160.61517  1.78%  61.9 6940s
 713684 324913  158.09618   32  920  157.80808  160.61509  1.78%  61.9 6945s
 714157 325219  158.38443   61  673  157.80808  160.61504  1.78%  61.9 6950s
 714663 325501  158.63332  108  727  157.80808  160.61502  1.78%  61.9 6955s
 715226 325735     cutoff   75       157.80808  160.61447  1.78%  61.9 6960s
 715764 325896  158.35256   91  951  157.80808  160.61424  1.78%  61.9 6965s
 716343 326059  158.05942   55  687  157.80808  160.61376  1.78%  61.9 6970s
 716870 326196  158.21311   39 1027  157.80808  160.61325  1.78%  61.9 6975s
 717453 326323  159.59308   29 1224  157.80808  160.61265  1.78%  61.9 6980s
 717974 326509  157.81680   71  549  157.80808  160.61251  1.78%  61.9 6985s
 718499 326639  158.72542   28 1129  157.80808  160.61200  1.78%  61.9 6990s
 718751 326685  158.64685   43  898  157.80808  160.61180  1.78%  61.9 6995s
 719241 326877  158.11233   69  965  157.80808  160.61142  1.78%  61.9 7000s
 719763 326967  157.88806   80  621  157.80808  160.61126  1.78%  61.9 7005s
 720331 327118  157.95632   92  658  157.80808  160.61107  1.78%  61.9 7010s
 721005 327413  159.17072   52  905  157.80808  160.61003  1.78%  61.9 7015s
 721660 327769  157.93649   37 1125  157.80808  160.60985  1.78%  61.9 7020s
 722146 327940  158.51918   60  803  157.80808  160.60922  1.78%  61.9 7025s
 722691 328121  158.34063   59  926  157.80808  160.60872  1.77%  61.9 7030s
 723229 328318  157.88943   56  832  157.80808  160.60849  1.77%  61.9 7035s
 723839 328525  158.42861   47  801  157.80808  160.60819  1.77%  61.9 7040s
 724253 328662  158.47145   75  770  157.80808  160.60731  1.77%  61.9 7045s
 724691 328851  159.31322   77  962  157.80808  160.60688  1.77%  61.9 7050s
 725564 329045  157.96208   68  654  157.80808  160.60679  1.77%  61.8 7055s
 726089 329299  157.95963   59  648  157.80808  160.60662  1.77%  61.8 7060s
 726596 329559  158.66964   86  756  157.80808  160.60656  1.77%  61.8 7065s
 727072 329895  158.99223   42 1033  157.80808  160.60630  1.77%  61.8 7070s
 727676 330101     cutoff   85       157.80808  160.60582  1.77%  61.8 7075s
 728162 330281  158.10702  109  707  157.80808  160.60535  1.77%  61.8 7080s
 728781 330473  157.83486  102  545  157.80808  160.60414  1.77%  61.8 7085s
 729384 330632  158.09699   82  841  157.80808  160.60394  1.77%  61.8 7090s
 729887 330847  159.80914   31 1051  157.80808  160.60324  1.77%  61.8 7095s
 730377 331012  158.26582   92  617  157.80808  160.60209  1.77%  61.8 7100s
 730996 331348  158.19977  107  562  157.80808  160.60163  1.77%  61.8 7105s
 731414 331422     cutoff   35       157.80808  160.60114  1.77%  61.8 7110s
 731964 331644  158.47001   70  782  157.80808  160.60089  1.77%  61.8 7115s
 732480 331913  159.53189   35 1037  157.80808  160.60075  1.77%  61.8 7120s
 733006 332072  158.24531   58  873  157.80808  160.60066  1.77%  61.8 7125s
 733512 332218  157.92424   62  700  157.80808  160.60036  1.77%  61.8 7130s
 734010 332375  158.02381   44 1087  157.80808  160.59980  1.77%  61.8 7135s
 734461 332503  159.01935   57  696  157.80808  160.59932  1.77%  61.8 7140s
 734890 332754     cutoff   49       157.80808  160.59903  1.77%  61.8 7145s
 735445 332956  158.03060   79  583  157.80808  160.59848  1.77%  61.8 7150s
 736025 333144  157.81708  132  751  157.80808  160.59804  1.77%  61.8 7155s
 736398 333219     cutoff   50       157.80808  160.59784  1.77%  61.9 7160s
 736888 333265  158.77701   19 1163  157.80808  160.59719  1.77%  61.9 7165s
 737298 333337  158.37401   37 1004  157.80808  160.59706  1.77%  61.9 7170s
 737745 333453  159.34784   47  874  157.80808  160.59625  1.77%  61.9 7175s
 738240 333776  157.93017   71  552  157.80808  160.59601  1.77%  61.9 7180s
 738763 333939  157.87053   50  817  157.80808  160.59570  1.77%  61.9 7186s
 739232 334066     cutoff   69       157.80808  160.59491  1.77%  61.9 7190s
 739645 334294     cutoff   78       157.80808  160.59407  1.77%  61.9 7195s

Cutting planes:
  Gomory: 9
  Cover: 332
  Implied bound: 4
  Clique: 237
  MIR: 20
  StrongCG: 1
  Flow cover: 22
  GUB cover: 20
  Inf proof: 41
  Zero half: 962
  Relax-and-lift: 5

Explored 740267 nodes (45900179 simplex iterations) in 7203.61 seconds (10670.09 work units)
Thread count was 1 (of 32 available processors)

Solution count 10: 157.808 157.808 157.808 ... 156.53

Time limit reached
Best objective 1.578080677582e+02, best bound 1.605940741909e+02, gap 1.7654%

User-callback calls 4001362, time in user-callback 17.29 sec
